,names,fandoms,ratings,warnings,relationships,freeforms,words,chapters,comments,characters,collections,kudos,bookmarks
0,reverse,Naruto,Explicit,"Major Character Death, Graphic Depictions Of Violence","Hatake Kakashi/Kyuubi | Nine-tails | Kurama, Uchiha Sasuke/Uzumaki Naruto, Kyuubi | Nine-tails | Kurama & Uzumaki Naruto, Umino Iruka/Utakata, Hoshigaki Kisame/Uchiha Obito, Uchiha Shisui/Yamato | Tenzou, ","Time Travel, Fix-It, Family Feels, Team as Family, Angst, Fluff, Bodyswap, only not really?, Moral Ambiguity, Learning to be Human, Dysfunctional People, Dysfunctional People Raising Children, Action/Adventure, Body Dysphoria, to an extent?, Resurrection, At this point I feel I should classify the romance as 'slow burn', ",<generator object Tag._all_strings at 0x000001EB1E2623C0>,79,7632,"Kyuubi | Nine-tails | Kurama, Uzumaki Naruto, Hatake Kakashi, Uchiha Shisui, Uchiha Itachi, Yamato | Tenzou, Gaara (Naruto), Bijuu | Tailed Beasts (Naruto), Han (Naruto), Roushi (Naruto), Nii Yugito, Fuu (Naruto), Momochi Zabuza, Orochimaru (Naruto), Uchiha Obito, Hoshigaki Kisame, Zetsu (Naruto), Uzumaki Kushina, Hatake Sakumo, Jiraiya (Naruto), Tsunade (Naruto), Shiranui Genma, Umino Iruka, ",0,23865,6163
1,backslide,Naruto,Mature,Choose Not To Use Archive Warnings,"Uchiha Sasuke/Uzumaki Naruto, Hatake Kakashi/future!Uzumaki Naruto, Namiashi Raidou/Shiranui Genma, Platonic Uzumaki Naruto/Uchiha Sasuke/Haruno Sakura, ","Time Travel, Alternate Universe - Canon Divergence, slow build romance, Angst, Humor, Fluff, Friendship, (Joking) Marriage Proposals, lots of them - Freeform, Gratuitous Fluff Story (Not Really Meant to Be Taken Seriously), You've been warned, Schmoop, Fox Summons!, Family Feels, Family Fluff, Families of Choice, Kurama adopts all the things, no really all of them, Genin Puppy Piles, team 7 fluff, Lots of that too, Kakashi is ridiculous, so is everyone else though, Self-Indulgent Ficcage Fluff, ",<generator object Tag._all_strings at 0x000001EB1E262660>,32,1959,"Uzumaki Naruto, Uchiha Sasuke, Hatake Kakashi, Shiranui Genma, Namiashi Raidou, Sarutobi Hiruzen, Uchiha Obito, Haruno Sakura, Mitarashi Anko, Yuuhi Kurenai, Dai-nana-han | Team 7 (Naruto), Uchiha Itachi, Tsunade (Naruto), ",0,22756,8354
2,Stormborn,Naruto,Explicit,Choose Not To Use Archive Warnings,"Uchiha Sasuke/Uzumaki Naruto, Nara Shikamaru/Yamanaka Ino, Haruno Sakura/Rock Lee, Slight Jiraiya/Orochimaru, Slight Kakashi/Obito, ","Alternate Universe - Canon Divergence, Reincarnation, Uzushiogakure, More gratuitous fluff stories, Romance, Humor, Secret Identity, Naruto was the Uzukage, Don't look at me like that, Fluff, Families of Choice, Unconventional Families, And somehow Ino became Sasuke's sassy BFF, idek anymore this thing has a life of its own, Sasuke is a huge dork, Naruto is silly, ",<generator object Tag._all_strings at 0x000001EB1F5A9430>,34,1654,"Uzumaki Naruto, Uchiha Sasuke, Umino Iruka, Haku (Naruto), Hatake Kakashi, Yamanaka Ino, Gaara (Naruto), Yakushi Kabuto, Utakata (Naruto), Fuu (Naruto), Inuzuka Kiba, Hyuuga Neji, Tenten (Naruto), Rock Lee, Haruno Sakura, Uchiha Obito, Namikaze Minato, ",0,16135,6425
3,Pulling My Weight,Naruto,Teen And Up Audiences,No Archive Warnings Apply,"Haruno Sakura & Shiranui Genma, Haruno Sakura & Nara Shikamaru, Haruno Sakura & Mitarashi Anko, Choujuurou & Haruno Sakura, Choujuurou/Haruno Sakura/Nara Shikamaru, Nara Shikamaru & Choujuurou, ","BAMF Sakura, essentially what would've happened had the manga actually recognised Sakura's talents early on, aka eventual genjutsu specialist Sakura, Fix-It, Humor, Actual mother-hen Shiranui Genma, Families of Choice, becomes AU from chapter 25 onwards, because honestly fuck Kaguya, I don't have time for Zetsu's bullshit, OT3 ftw, Polyamory, because fuck toxic love triangles let everyone love each other and be merry, Alternate Universe - Canon Divergence, Mental Health Issues, Dubious Morality, blackkat-inspired Neji!kage, Panic Attacks, Post-Traumatic Stress Disorder - PTSD, Inner presented as Dissociative Identity Disorder, Orochimaru Does What Orochimaru Wants (Naruto), Self-Indulgent, Strong Haruno Sakura, Otokage Haruno Sakura, Healthy Relationships, Complete, ",<generator object Tag._all_strings at 0x000001EB1F5A94A0>,43,4137,"Haruno Sakura, Shiranui Genma, Dai-nana-han | Team 7 (Naruto), Hatake Kakashi, Mitarashi Anko, Choujuurou (Naruto), Nara Shikamaru, Orochimaru (Naruto), ",0,12268,3941
4,An Invincible Summer,Naruto,Teen And Up Audiences,Choose Not To Use Archive Warnings,"Uchiha Sasuke/Uzumaki Naruto, Uzumaki Naruto & Uchiha Itachi, Uzumaki Naruto & Hatake Kakashi, Hatake Kakashi/Umino Iruka, ","Alternate Universe, Oiroke no Jutsu | Sexy no Jutsu, Fluff, Fix-It, like i ever write anything else, Seal Master Naruto, Genderfluid Naruto, LITERALLY, non redeemed akatsuki, dont get your hopes up, Author stopped watching Naruto after the Tsunade arc, Natsu Nami Collection, ",<generator object Tag._all_strings at 0x000001EB1F5A9580>,6,1208,"Uzumaki Naruto, Uchiha Itachi, Sarutobi Hiruzen, Hatake Kakashi, Yamanaka Inoichi, Nara Shikaku, Akimichi Chouza, Inuzuka Hana, Yakushi Kabuto, Maito Gai | Might Guy, Gaara (Naruto), Temari (Naruto), Inuzuka Kiba, Haruno Sakura, Yamanaka Ino, Nara Shikamaru, Akimichi Chouji, Hyuuga Hanabi, Hyuuga Neji, Tenten (Naruto), Rock Lee, Hyuuga Hinata, Baki (Naruto), Umino Iruka, Sai (Naruto), Haku (Naruto), Momochi Zabuza, Tsunade (Naruto), Jiraiya (Naruto), Orochimaru (Naruto), ",0,15080,6784
5,In Good Company,Naruto,Mature,No Archive Warnings Apply,"Uchiha Sasuke/Uzumaki Naruto, ","Language, Violence, War, Depression, The Dead Granddad Squad, Implied/Referenced Suicide, Alternate Universe - Canon Divergence, ",<generator object Tag._all_strings at 0x000001EB1F5A9510>,15,2311,"Uchiha Sasuke, Hatake Kakashi, Senju Tobirama, Namikaze Minato, Sarutobi Hiruzen, Uchiha Itachi, Senju Hashirama, ",42,9994,3551
6,A Lewd New World,Naruto,Explicit,Choose Not To Use Archive Warnings,"Uzumaki Naruto/Various, Uzumaki Naruto/(fem) Uchiha Sasuke, Uzumaki Naruto/(fem) Gaara, Uzumaki Naruto/Haruno Sakura, Uzumaki Naruto/Hyuuga Hinata, Uzumaki Kushina/Uzumaki Naruto, (fem) Kyuubi | Nine-tails | Kurama/Uzumaki Naruto, Uzumaki Naruto/Harem, ","Alternate Universe - Gender Changes, Harems, Sex, Smut, Eventual Plot, Breasts, Booty Calls, Large Breasts, Ass Play, Anal Sex, Vaginal Sex, Oral Sex, Mildly Dubious Consent, Multiple Partners, Multiple Pairings, Multiple Orgasms, Breast Fucking, Rough Sex, Rough Kissing, Orgy, Sexual Slavery, Explicit Sexual Content, Master/Pet, Master/Servant, Master/Slave, Light Dom/sub, Dom/sub Play, Hokage Uzumaki Naruto, Female Uchiha Sasuke, Bisexual Female Character, everyone is bi, Shameless Smut, Threesome - F/F/M, Foursome - F/F/F/M, Gangbang, Rape Roleplay, Lactation, Porn With Plot, I Am A Goddamn Pervert, Yuri, Het, ",<generator object Tag._all_strings at 0x000001EB1F5A9660>,57,33,"Uzumaki Naruto, Haruno Sakura, Hyuuga Hinata, Uchiha Sasuke, Gaara, Ootsutsuki Kaguya, ",0,1618,323
7,Flip the Coin,Naruto,Teen And Up Audiences,No Archive Warnings Apply,"Uchiha Sasuke/Uzumaki Naruto, Haruno Sakura & Uchiha Sasuke & Uzumaki Naruto, Uchiha Itachi & Uchiha Sasuke, Uchiha Itachi & Uchiha Izumi & Uchiha Shisui, Uchiha Shisui & Uzumaki Naruto, Mitarashi Anko & Uchiha Izumi, Tsunade & Uzumaki Naruto, Gaara & Uzumaki Naruto, ","Alternate Universe - Canon Divergence, Canon Rewrite, Role Reversal, No Uchiha Massacre, Danzo is out of the picture, so it's nice, but Iruka is dead, less nice, Relationships are for later, Angst and Feels, Developing Friendships, Angry Uzumaki Naruto, Uzumaki Naruto Needs a Hug, but he won't get it, Dai-nana-han | Team 7 (Naruto) Feels, Character Death, Canon-Typical Violence, Worldbuilding, Clan Politics, Angst with a Happy Ending, Family Feels, uchiha family feels, This Is Gonna Take A While, Fuuinjutsu Master Uzumaki Naruto, well he will be at some point for now he's just, fuuinjutsu newbie, POV Alternating, Blood and Injury, no romance in this part, For Want of a Nail, ",<generator object Tag._all_strings at 0x000001EB1F5A95F0>,37,4208,"Uzumaki Naruto, Uchiha Sasuke, Haruno Sakura, Uchiha Itachi, Uchiha Fugaku, Uchiha Mikoto, Hatake Kakashi, Uchiha Shisui, Uchiha Izumi, Yamanaka Ino, Sai (Naruto), Mitarashi Anko, Tsunade (Naruto), Gaara (Naruto), And a whole bunch of others, ",22,6894,1858
8,Trials of Change,Naruto,Mature,Graphic Depictions Of Violence,"Haruno Sakura & Uchiha Sasuke & Uzumaki Naruto, Haruno Sakura & Uchiha Itachi, Haruno Sakura & Uchiha Shisui, Haruno Sakura & Hatake Kakashi, Haruno Sakura & Team Ro, Haruno Sakura & Konoha 12, ","Time Travel, Time Travel Fix-It, Haruno Sakura-centric, Alternate Universe - Canon Divergence, Uzumaki Naruto Needs a Hug, Protective Haruno Sakura, Uchiha Shisui Lives, No Uchiha Massacre, No Romance, at least for now, Cute Uchiha Sasuke, Haruno Sakura Has Issues, Haruno Sakura Deserves Better, Mokuton User Haruno Sakura, Because I can, Strong Female Characters, because kishimoto did them wrong, Developing Friendships, Danzou is scum, but we knew that, stop the war, or at least try, Canon-Typical Violence, Mild Language, pre-genin years, Academy Era, Family Dynamics, from pretty much everyone, bonding over dango, additional warnings in some chapters, ",<generator object Tag._all_strings at 0x000001EB1F5A96D0>,50,4429,"Haruno Sakura, Uzumaki Naruto, Uchiha Sasuke, Yamanaka Ino, Uchiha Itachi, Uchiha Shisui, Haruno Mebuki, Haruno Kizashi, Inner Haruno Sakura, Tsunade (Naruto), Uchiha Mikoto, Uchiha Fugaku, Nara Shikamaru, Akimichi Chouji, Hyuuga Hinata, Inuzuka Kiba, Aburame Shino, Hyuuga Neji, Tenten (Naruto), Rock Lee, Sai (Naruto), Hatake Kakashi, Yamato | Tenzou, Sarutobi Hiruzen, Dai-nana-han | Team 7 (Naruto), Rookie Nine (Naruto), Shiranui Genma, Shizune (Naruto), Jiraiya (Naruto), ANBU (Naruto), ANBU Root, Shimura Danzou, Uchiha Madara, Team Ro (Naruto), Original Characters, ",21,5550,1360
9,Time Flies Like An Arrow,Naruto,Not Rated,Choose Not To Use Archive Warnings,"Other Relationship Tags to Be Added, Past!Haruno Sakura/Past!Yamanaka Ino, ","Time Travel, Alternate Universe - Time Travel, Fix-It, Time Travel Fix-It, Haruno Sakura-centric, BAMF Haruno Sakura, Friendship, Fluff, Families of Choice, POV Haruno Sakura, Strong Haruno Sakura, Dogs, Slow Burn, Family, Everyone Loves Sakura, Because Sakura Loves Everyone, MultiSaku - Freeform, Platonic Female/Male Relationships, Naruto and Sakura are the Ultimate Bros, Angst, Fluff and Angst, Hurt/Comfort, Mokuton, Mokuton User Haruno Sakura, The first fic in a series, ",<generator object Tag._all_strings at 0x000001EB1F5A9740>,36,4131,"Haruno Sakura, Uzumaki Naruto, Yamanaka Ino, Shiranui Genma, Uchiha Shisui, Hatake Kakashi, ",29,8763,2791
10,Cross Generational Slut,Naruto,Explicit,Underage,"Hyuuga Hinata/Uzumaki Naruto, Haruno Sakura/Uzumaki Naruto, Uzumaki Naruto/Yamanaka Ino, Tsunade/Uzumaki Naruto, Tenten/Uzumaki Naruto, Temari/Uzumaki Naruto, Shizune/Uzumaki Naruto, Uzumaki Boruto/Tsunade, Hyuuga Hinata/Uzumaki Boruto, Hyuuga Hinata/Tsunade, Uchiha Sarada/Uzumaki Boruto, Haruno Sakura/Uzumaki Boruto, Mitarashi Anko/Uzumaki Naruto, Uzumaki Naruto/Yuuhi Kurenai, Akimichi Chouchou/Uzumaki Boruto, Akimichi Chouchou/Uchiha Sarada, Haruno Sakura/Uchiha Sarada, Tenten/Uzumaki Boruto, Shizune/Uzumaki Boruto, Temari/Uzumaki Boruto, Yamanaka Ino/Uzumaki Boruto, Sarutobi Mirai/Uzumaki Boruto, Sarutobi Mirai/Uzumaki Naruto, Hyuuga Hanabi/Uzumaki Boruto, Hyuuga Hanabi/Uzumaki Naruto, ","Orgy, Gangbang, Kage Bunshin | Shadow Clones, Cheating, Vaginal Sex, Cunnilingus, Anal Sex, Anal Fingering, Double Penetration, Deepthroating, Face-Fucking, Cowgirl Position, Missionary Position, Bathroom Sex, Masturbation, Large Cock, Large Breasts, Breast Fucking, Shower Sex, Doggy Style, Choking, Spanking, Creampie, Bukkake, Dildos, Older Woman/Younger Man, Smut, Teacher-Student Relationship, First Time, Rimming, Ass to Mouth, Incest, Parent/Child Incest, Sexual Roleplay, Voyeurism, MILFs, Hospital Sex, Threesome - F/F/M, Threesome - F/M/M, Birthday Sex, Spitroasting, Group Sex, Blindfolds, Blow Jobs, Outdoor Sex, Aunt/Nephew Incest, Mother-Son Relationship, Glory Hole, Harems, ",<generator object Tag._all_strings at 0x000001EB1F5A97B0>,11,63,"Hyuuga Hinata, Uzumaki Naruto, Tsunade (Naruto), Uzumaki Boruto, Yamanaka Ino, Tenten (Naruto), Temari (Naruto), Haruno Sakura, Shizune (Naruto), Uchiha Sarada, Mitarashi Anko, Yuuhi Kurenai, Akimichi Chouchou, Sarutobi Mirai, Hyuuga Hanabi, Karui (Naruto), ",0,989,216
11,Masks,Naruto,Mature,Graphic Depictions Of Violence,"Haruno Sakura & Hatake Kakashi, Haruno Sakura/Hatake Kakashi, ","If Kishimoto Actually Did Justice to Female Characters, Haruno Sakura-centric, Angst, Violence, ANBU - Freeform, Strong Haruno Sakura, BAMF Haruno Sakura, Suspense, Romance, hidden identity, Masks, Actual Development / Progress, Sakura does not consider Kakashi to be her teacher, Kakashi does not consider himself to be a teacher point blank, ANBU Kakashi, Romantic relationship occurs when both are above age of consent, Enemies to Lovers, Hate to Love, A diverse set of characters are presented, If you're a homophobe don't bother reading, no beta we die like (wo)men, kakasaku for non-shippers, not sure how i got here, Younger than canon Kakashi, im not actually a kakasaku shipper, ",<generator object Tag._all_strings at 0x000001EB1F5A9890>,41,5656,"Haruno Sakura, Hatake Kakashi, Uzumaki Naruto, Tsunade (Naruto), Sai (Naruto), Uchiha Sasuke, Shimura Danzou, ",25,7303,1829
12,Overturn,Naruto,Mature,No Archive Warnings Apply,"Hatake Kakashi/future!Uzumaki Naruto, ","Time Travel, Angst, Dai-nana-han | Team 7 (Naruto) Feels, Alternate Universe - Canon Divergence, Everybody Died, Not Carbon Copies, Naruto tries to fix things, it doesn't work, Other Additional Tags to Be Added, Adventure, Slow Build, ",<generator object Tag._all_strings at 0x000001EB1F5A9900>,43,985,"Uzumaki Naruto, Hatake Kakashi, Uchiha Sasuke, Uchiha Obito, Haruno Sakura, Sarutobi Hiruzen, Sarutobi Asuma, Yuuhi Kurenai, Maito Gai | Might Guy, Future!Uzumaki Naruto, Kyuubi | Nine-tails | Kurama, Konan (Naruto), Nagato | Pain, Shiranui Genma, Gekkou Hayate, Orochimaru (Naruto), Yakushi Kabuto, Mitarashi Anko, Gaara (Naruto), Temari (Naruto), Kankurou (Naruto), Yamanaka Ino, Jiraiya (Naruto), ",9,5260,1451
13,Sasuke's No Good Very Bad Teammates,Naruto,Teen And Up Audiences,No Archive Warnings Apply,"Haruno Sakura & Uchiha Sasuke & Uzumaki Naruto, ","Time Travel, Humor, Friendship, Team Feels, Genderfluid Character, Genderfluid Uzumaki Naruto, POV Outsider, Fluff, Team as Family, Uchiha Sasuke Gets Some Hugs, Uchiha Sasuke GIVES Some Hugs, he's more shocked about it than you are, In This Fic We Love And Cherish All Canon Characters, ",<generator object Tag._all_strings at 0x000001EB1F5A99E0>,32,2777,"Uchiha Sasuke, Uzumaki Naruto, Haruno Sakura, Hatake Kakashi, Dai-nana-han | Team 7 (Naruto), ",36,10728,3337
14,Soft as an Unready Mind,Naruto,Teen And Up Audiences,Choose Not To Use Archive Warnings,"Uzumaki Naruto & Yamanaka Ino, Uzumaki Naruto & Yamanaka Inoichi, Yamanaka Family - Relationship, Ino-Shika-Cho - Relationship, Dai-nana-han | Team 7 & Hatake Kakashi, Nara Shikamaru/Uzumaki Naruto, one-sided Aburame Shino/Uzumaki Naruto, background Hatake Kakashi/Umino Iruka, queerplatonic Hyuuga Hinata/Yamanaka Ino, ","Alternate Universe - Canon Divergence, Danzo ‚ÄúTripped‚Äù and Broke His Neck, Almost everybody lives, Crack Treated Seriously, Adoption, Kid Fic, Shinobi Academy, Comic Book Psychology, Forcefully Inflicted Therapy, Fix-It, Humor, wacky hijinks, Plants, Best Dad Inoichi, Low-Key Super-Powered Naruto, but not really?, Ino Is the Best Sister, Blondes Have All the Fun, Hinata Off the Chains, Sasuke Finds Some Chill, IDD Sakura, Precocious Shikamaru, Pining Kakashi, Iruka Takes Nobody's Shit, Cool and Mysterious Shino, HBIC Tsunade, BAMF Women, Everyone is Crazy, Romantic Comedy, ",<generator object Tag._all_strings at 0x000001EB1F5A9A50>,30,1104,"Uzumaki Naruto, Yamanaka Ino, Yamanaka Inoichi, Yamanaka Ino's Mother, Nara Shikamaru, Akimichi Chouji, Uchiha Sasuke, Haruno Sakura, Aburame Shino, Hyuuga Hinata, Inuzuka Kiba, Hyuuga Neji, Umino Iruka, Hatake Kakashi, Morino Ibiki, Sarutobi Hiruzen, Senju Tsunade, Nara Shikaku, Nara Yoshino, Akimichi Chouza, Uchiha Itachi, ",34,8966,3975
15,How To Save The World With No One Even Realizing,Naruto,Teen And Up Audiences,"Graphic Depictions Of Violence, Major Character Death","Namikaze Minato/Uzumaki Kushina, Implied Haruno Sakura/Nara Shikamaru, ","Assorted Characters - Freeform, time-travel, Villainy, Canonically Accurate OP Team 7, SuperBadass!Sakura, SuperBadass!Sasuke, SuperBadass!Naruto, RegularBadass!Shikamaru, Canonically Violent Sasuke, Equally Violent Sakura, Saving The World One Murder At A Time, Various Jinchuuriki, Team 7 As Super Villains, Doing Super Villainy Stuff, Like Murder, And Professional Eyeball Removal, Poor Obito, Poor Minato, AKA The Worst Four Months of Minato's Life, And Everyone Else's Too, Dark Humor, Bittersweet Ending, Cussing, Potty Mouth Narrator, Abuse of italics, Dark Comedy, Time Travel Fix-It, ",<generator object Tag._all_strings at 0x000001EB1F5A9AC0>,3,363,"Nohara Rin, Uchiha Obito, Namikaze Minato, Sarutobi Hiruzen, Jiraiya (Naruto), Uzumaki Kushina, Nara Shikaku, Hatake Kakashi, Haruno Sakura, Uzumaki Naruto, Nara Shikamaru, Uchiha Sasuke, Nagato | Pain, ",36,11125,2869
16,Of Crows and Heroes,Naruto,General Audiences,Choose Not To Use Archive Warnings,"Kouda Kouji & Uchiha Itachi, Uchiha Itachi & Aizawa Shouta | Eraserhead, Uchiha Itachi & Takami Keigo | Hawks, ","Reincarnation, Where Itachi gets a second chance at life, and doesn't know what to do with it, Illusions, Uchiha Itachi-centric, Sharingan, Non-Linear Narrative, Drabbles, Crows, Itachi has a murder, Those poor Villains, Shouta has a migraine and it's named Itachi, ",<generator object Tag._all_strings at 0x000001EB1F5A9B30>,122,4646,"Uchiha Itachi, Kouda Kouji, Aizawa Shouta | Eraserhead, Class 1-A (My Hero Academia), Nezu, Eri (My Hero Academia), Takami Keigo | Hawks, ",29,5052,1125
17,"A Snake In the Grass, a Wolf At the Door",Naruto,Mature,No Archive Warnings Apply,"Hatake Sakumo/Canonical Wife, Hatake Sakumo & Orochimaru, One-sided Jiraiya/Orochimaru (Naruto), Hatake Sakumo/Orochimaru, ","Families of Choice, Humor, Fluff and Angst, somewhat crackish, Scratch that it's totally crackish, Alternate Universe - Canon Divergence, Liberal use of fanon, Liberal use of headcanon, ",<generator object Tag._all_strings at 0x000001EB1F5A9BA0>,10,794,"Orochimaru (Naruto), Hatake Sakumo, Jiraiya (Naruto), Tsunade (Naruto), Hatake Kakashi, Uchiha Obito, Namikaze Minato, Uzumaki Kushina, ",0,10675,4099
18,Tobirama Kicks Some Sense Into Konoha,Naruto,Teen And Up Audiences,"Graphic Depictions Of Violence, No Archive Warnings Apply","Senju Tobirama & Uzumaki Naruto, ","Time Travel, Fix-It, Naruto Verse Level of Violence, Morally Ambiguous Character, characters are shinobi though so it's kinda a given, is this a crack fic or a sad fic, your guess is as good as mine, Tobirama is a closet troll don't let him fool you, Cat-ish!Tobirama, soft, world building, SO MUCH TEA, Tobirama likes drinking tea because author is too lazy to come up with another plot device, that invites conversation and interaction between characters, should've named this fic Tobirama's Tea, Language of Flowers, Time Travel Fix-It, Politics, Mito isn't actually in this fic but after a certain chapter I'm including her in the tags, Child Neglect, Child Abandonment, Implied/Referenced Child Abuse, anything that happened to Naruto in his canon childhood is referenced in this fic, but never actually occurs in this fic, please read with your mental well-being in mind, Cliffhangers, My poor readers I held back for the entire fic just to drop four cliffhangers near the end, Sorry Not Sorry, Hurt/Comfort, Emotional Hurt/Comfort, Whump, Fluff, Fluff and Angst, Tooth-Rotting Fluff, Domestic Fluff, so much fucking fluff guys, ",<generator object Tag._all_strings at 0x000001EB1F5A9C10>,27,3646,"Senju Tobirama, Uzumaki Naruto, Sarutobi Hiruzen, Hatake Kakashi, Teuchi (Naruto), Utatane Koharu, Mitokado Homura, Shimura Danzou, Hyuuga Hinata, OC Summons, Akimichi Torifu, Akimichi Chouza, Akimichi Chouji, OC Characters - Character, Hyuuga Neji, Inuzuka Kiba, Rock Lee, Yamato | Tenzou, Nara Shikaku, Yamanaka Inoichi, Uchiha Fugaku, Uchiha Mikoto, Uchiha Sasuke, Uchiha Itachi, Uchiha Shisui, Nara Shikamaru, Yamanaka Ino, Tenten (Naruto), Tsunade (Naruto), Jiraiya (Naruto), Shizune (Naruto), Uzumaki Mito, ",36,9051,3751
19,As Is the Sea Marvelous,Naruto,Mature,Choose Not To Use Archive Warnings,"Uchiha Madara/Senju Tobirama, Senju Hashirama/Uzumaki Mito, Senju Touka/Uchiha Izuna, Senju Hashirama & Senju Tobirama, Uchiha Izuna & Uchiha Madara, ","Angst, Insecurity, Self-Sacrifice, Imprisonment, Fix-It, Brothers, Eventual Romance, but probably - Freeform, slooooooow build, Brief Psychological Torture, Brief Abuse, Humor, Family, Human Train Wreck!Madara, Snark, Bickering, these tags are terrible but it's more or less a damned comedy, ",<generator object Tag._all_strings at 0x000001EB1F5A9C80>,11,786,"Senju Tobirama, Senju Hashirama, Uchiha Madara, Uchiha Izuna, Uzumaki Mito, Senju Touka, ",0,10416,3538
20,Roots and Wings,Naruto,General Audiences,No Archive Warnings Apply,"Hatake Kakashi/Umino Iruka, Nara Shikamaru/Uzumaki Naruto, ","Fix-It, Adoption, Protective Hatake Kakashi, BAMF Umino Iruka, Parent Hatake Kakashi, I Inflict Sasuke on Gai Because I Find It Funny, Fuuinjutsu Master Umino Iruka, Gratuitous Frogs, So Many Carrots, Hating on Hiruzen, Tsunade Gets Shit Done, Slow Burn, Iruka Gets His Man, Itachi is a Moron, Sakura Isn't Useless, SO MUCH FLUFF, Found Family, ",<generator object Tag._all_strings at 0x000001EB1F5A9D60>,12,1040,"Hatake Kakashi, Uzumaki Naruto, Umino Iruka, Maito Gai | Might Guy, Sarutobi Hiruzen, Jiraiya (Naruto), Uchiha Sasuke, Uchiha Itachi, Tsunade (Naruto), Haruno Sakura, ",11,8527,3001
21,Being Over-Prepared is Impossible (and other mottos),Naruto,Not Rated,Choose Not To Use Archive Warnings,,"BAMF Hatake Kakashi, BAMF Dai-nana-han | Team 7 (Naruto), AU, Kakashi isn't a bad teacher, Kakashi kicks the training up a notch, He laughs at their pain, Kakashi POV, set immediately after they graduate the academy, Teamwork, Team 7 being awesome, Team as Family, Team Bonding, What Team Seven should be, ",<generator object Tag._all_strings at 0x000001EB1F52B200>,15,815,"Uzumaki Naruto, Haruno Sakura, Uchiha Sasuke, Hatake Kakashi, Dai-nana-han | Team 7 (Naruto), ",0,9955,2530
22,In Bond and Blood,Naruto,Explicit,No Archive Warnings Apply,"Hatake Kakashi/Umino Iruka, ","Marriage of Convenience, Alternate Universe - Canon, Kid Fic, ",<generator object Tag._all_strings at 0x000001EB1F52B190>,1,297,"Hatake Kakashi, Umino Iruka, Uzumaki Naruto, Jiraiya (Naruto), Tsunade (Naruto), Might Guy, Mitarashi Anko, ",0,12152,3274
23,Leave Your Sanity at the Door,Naruto,Explicit,Underage,"Hatake Kakashi/Uzumaki Naruto, Haruno Sakura/Uchiha Sasuke, Haruno Sakura & Hatake Kakashi & Uchiha Sasuke & Uzumaki Naruto, ","Alpha/Beta/Omega Dynamics, Alpha/Omega, Alpha Kakashi, Omega Uzumaki Naruto, Age Difference, Unspecified Age, Bottom Uzumaki Naruto, Top Hatake Kakashi, Belly Bulging, Breeding Kink, A/B/O, all the filth, different culture, young Naruto, Genin Age, Voyeurism, slight Kakashi/Naruto/Sasuke, Team Bonding, as in Team 7 sexy times, Don't Like Don't Read, Underage Sex, seriously, ",<generator object Tag._all_strings at 0x000001EB1F52B2E0>,3,120,"Uzumaki Naruto, Hatake Kakashi, Uchiha Sasuke, Haruno Sakura, Various Characters, ",4,4743,899
24,Surviving is the Same Thing as Winning,Naruto,Not Rated,Choose Not To Use Archive Warnings,,"BAMF Dai-nana-han | Team 7 (Naruto), BAMF Hatake Kakashi, Kakashi is a good teacher, Chunin Exams, and all the disasters that come with it, They are a team and now they're learning how to be an even greater one, Kakashi's POV, ",<generator object Tag._all_strings at 0x000001EB1F52B3C0>,22,1681,"Hatake Kakashi, Haruno Sakura, Uzumaki Naruto, Uchiha Sasuke, ",0,10021,2263
25,Change Fills My Time,Naruto,Mature,"Major Character Death, Graphic Depictions Of Violence",,"Time Travel, Id Fic, ",<generator object Tag._all_strings at 0x000001EB1F52B430>,13,941,"Hatake Kakashi, Uchiha Itachi, Yamato (Naruto), Uzumaki Naruto, Dai-nana-han | Team 7 (Naruto), Haruno Sakura, Uchiha Sasuke, Uchiha Fugaku, Uchiha Mikoto, Sarutobi Hiruzen, Uchiha Shisui, Shimura Danzou, Original Characters, Shiranui Genma, Namiashi Raidou, ",0,6678,1889
26,Flaming Maelstroms,Naruto,Teen And Up Audiences,Graphic Depictions Of Violence,"Haruno Sakura & Uchiha Sasuke & Uzumaki Naruto, ","Warring States Period (Naruto), Alternate Universe - Canon Divergence, Time Travel, Time Travel Fix-It, Fix-It, Pre-Canon, De-Aged Haruno Sakura, De-Aged Uzumaki Naruto, De-Aged Uchiha Sasuke, BAMF Uzumaki Naruto, BAMF Haruno Sakura, BAMF Uchiha Sasuke, Team as Family, They travel back to the past, Red-Haired Uzumaki Naruto, They all have red hair, and black eyes, Naruto messed with their genetics, Sakura is not happy, Sasuke will roll with it, Chakra Chains, Sharingan, Mangekyou Sharingan, Eternal Mangekyou Sharingan, Zetsu is doomed, Jinchuuriki - Freeform, Tobirama realises there's something worse than an Uchiha, and that is three Uzumaki/Uchiha, Sakura is a closet pyromaniac, Protective Uchiha Sasuke, Protective Haruno Sakura, Protective Uzumaki Naruto, Sasuke is downright terrifying, Naruto tries to keep them under control, Kurama sits back and watches the show, Tobirama Is Not Amused, Mito wants to adopt, BAMF Dai-nana-han | Team 7 (Naruto), Team Seven are hellions, Madara wants to adopt, Crack, Pure Crack, ",<generator object Tag._all_strings at 0x000001EB1F52B510>,19,1374,"Haruno Sakura, Uchiha Sasuke, Uzumaki Naruto, Senju Hashirama, Senju Tobirama, Uchiha Madara, Uchiha Izuna, Uzumaki Mito, Original Uchiha Character(s), Original Senju Character(s), Original Uzumaki Character(s), Uchiha Clan, Senju Clan, Uzumaki Clan - Character, Kyuubi | Nine-tails | Kurama, ",36,9096,2151
27,It‚Äôs Just That Any One of Us Is Half Without Another One Is You,Naruto,Mature,Graphic Depictions Of Violence,"Haruno Sakura/Uchiha Sasuke/Uzumaki Naruto, ","Drama, Action, Women Being Awesome, Alternate History, Fluff, Canon-Typical Violence, Team Dynamics, Humor, Horror, Angst, Medium Size Character Death, A Touch of Porn, Politics, ",<generator object Tag._all_strings at 0x000001EB1F52B5F0>,21,699,"Hatake Kakashi, Uchiha Sasuke, Haruno Sakura, Uzumaki Naruto, Tsunade (Naruto), Shizune, Jiraiya (Naruto), Orochimaru (Naruto), Yakushi Kabuto, Shimura Danzou, Utatane Koharu, Mitokado Homura, Might Guy, Hyuuga Neji, Rock Lee, Tenten, Temari (Naruto), Kankurou (Naruto), Chiyo (Naruto), Killer Bee, Darui, Hoozuki Suigetsu, Choujuurou, Karin (Naruto), Kyuubi (Naruto), Nagato (Pain), Konan, Sai (Naruto), Uchiha Madara, ",10,3932,1578
28,A Changed Jinchuuriki,Naruto,Mature,Graphic Depictions Of Violence,"Uchiha Sasuke/Uzumaki Naruto, Haruno Sakura & Uchiha Sasuke & Uzumaki Naruto, Dai-nana-han | Team 7 & Hatake Kakashi, Hatake Kakashi/Uchiha Obito, Konan/Nagato | Pain/Yahiko, ","Time Travel, Fix-It, BAMF Uzumaki Naruto, No Uchiha Massacre, Mokuton Naruto, Fuuinjutsu Master Uzumaki Naruto, slight Sarutobi Hiruzen bashing, BAMF Dai-nana-han | Team 7 (Naruto), ",<generator object Tag._all_strings at 0x000001EB1F52B580>,35,828,"Uzumaki Naruto, Uchiha Sasuke, Uchiha Itachi, Uchiha Fugaku, Uchiha Mikoto, Haruno Sakura, Sarutobi Hiruzen, Umino Iruka, Kyuubi | Nine-tails | Kurama, Jiraiya (Naruto), Tsunade (Naruto), Hatake Kakashi, Orochimaru (Naruto), Uchiha Obito, Konan (Naruto), Nagato | Pain, Yahiko (Naruto), ANBU Root, ",15,4297,1035
29,Last of the Summer Roses,Naruto,Explicit,Choose Not To Use Archive Warnings,"Senju Tobirama/Uchiha Madara, ","bridenapping, Hurt/Comfort, Angst, Crack and Angst, ? - Freeform, Senju Tobirama Needs a Hug, Uchiha Madara flails through romance, no beta we die like men, Enthusiastic Consent, doting!Madara, enthusiastic wooing, Wooing, Fluff and Angst, Fluff and Cuddling, Fluff, SO MUCH FLUFF, now with beta!, Uchiha Centers, Don't Copy to Another Site Without Permission, Suboptimalsibling!Hashirama, ",<generator object Tag._all_strings at 0x000001EB1F52B660>,89,2734,"Uchiha Izuna, Uchiha Madara, Senju Tobirama, Senju Hashirama, Senju Touka, Uchiha Hikaku, Uchiha Kagami, Uchiha Clan, ",4,2954,643
30,"The life and times of Hatake Kakashi, the long-suffering j≈çnin-sensei",Naruto,Not Rated,Choose Not To Use Archive Warnings,"Haruno Sakura/Uchiha Sasuke/Uzumaki Naruto, ","Implied Time Travel, Cheeky little brats, Sass, Team 7 Feels, Team 7 dynamics, Implied Saku/Sasu/Naru but nothing explicit, Could be taken as gen too, ",<generator object Tag._all_strings at 0x000001EB1F52B740>,1,943,"Hatake Kakashi, Sarutobi Hiruzen, Haruno Sakura, Uchiha Sasuke, Uzumaki Naruto, ",15,15679,4574
31,Civilians in Power,Naruto,Explicit,"Rape/Non-Con, Underage",,"Sexual Slavery, ntr, Misogyny, Rape, Past Brainwashing, Implied/Referenced Underage Sex, Implied/Referenced Underage Prostitution, ",<generator object Tag._all_strings at 0x000001EB1F52B6D0>,2,21,"Yuuhi Kurenai, Hyuuga Hinata, Haku (Naruto), Inuzuka Hana, Mitarashi Anko, Uzumaki Kushina, Uzumaki Naruko, Uzumaki Naruto, ",0,350,88
32,Deception,Naruto,Explicit,Graphic Depictions Of Violence,"Uchiha Sasuke/Uzumaki Naruto, ","Drama, Romance, Alternate Universe - Modern Setting, Slash, SasuNaru - Freeform, SasuNaruSasu - Freeform, ",<generator object Tag._all_strings at 0x000001EB1F52B820>,33,1585,"Uzumaki Naruto, Uchiha Sasuke, Hatake Kakashi, Uchiha Itachi, Gaara (Naruto), ",5,3176,833
33,Satori (Between the Lines),Naruto,Teen And Up Audiences,No Archive Warnings Apply,"Haruno Sakura & Aburame Torune, Haruno Sakura & Shikamaru Nara, Haruno Sakura & Aburame Shino, Haruno Sakura & Yamanaka Ino, Haruno Sakura & Morino Ibiki, Haruno Sakura & Sai, Haruno Sakura & Mitarashi Anko, ","Haruno Sakura-centric, BAMF Sakura, Sakura gets to channel her intelligence in a different way, Codes & Ciphers, Cipher Cracking, Set during the Academy years, Childhood, Found Family, Families of Choice, Language of Flowers, Focused on Friendship and Bonds, Attending the Academy is Actually Useful, And Actually Prepares These Children for Their Future Careers, Who knew?, I mean...yeah they're being trained to be child killers, which I don't condone, But at least train them to be effective, I mean really, Shikamaru has the emotional range of a teaspoon, But he's growing, probably, world building, Politics, clan dynamics, We delve into what it means to be a civilian-born shinobi, As opposed to a clan shinobi, The reality isn't very kind, But the people around Sakura are, Sakura is a passionate nerd, And it serves her well, And serves the people around her tbh, (Maybe even Konoha as a whole), Conspiracy, redemption arc, Character Growth, For Want of a Nail, Childhood Friends, Mystery, Angst, Angst with a Happy Ending, Guaranteed happy ending, ",<generator object Tag._all_strings at 0x000001EB1F52B7B0>,30,1836,"Haruno Sakura, Aburame Torune, Aburame Shino, Nara Shikamaru, Yamanaka Ino, Yamanaka Inoichi, Morino Ibiki, Nara Shikaku, Mizuki (Naruto), Aburame Shibi, Mitarashi Anko, Sai (Naruto), Jiraiya (Naruto), Uzumaki Naruto, Akimichi Chouji, Uchiha Shisui, ",0,6898,2212
34,How to File Form 39-B,Naruto,Explicit,No Archive Warnings Apply,"Hatake Kakashi/Umino Iruka, ",,<generator object Tag._all_strings at 0x000001EB1F52B890>,1,145,,0,10688,2494
35,"Baby Animals, Weddings, And Other Things Not Normally Associated With Uchiha Sasuke",Naruto,Teen And Up Audiences,No Archive Warnings Apply,"Uchiha Sasuke/Uzumaki Naruto, ","Accidental Marriage, Domestic, Kid Fic, ",<generator object Tag._all_strings at 0x000001EB1F52B900>,1,192,"Uchiha Sasuke, Uzumaki Naruto, Haruno Sakura, Sai (Naruto), Hatake Kakashi, Yamanaka Ino, ",9,10405,2684
36,The Worst Shift,Naruto,Explicit,Graphic Depictions Of Violence,"Uchiha Sasuke/Uzumaki Naruto, Haku/Momochi Zabuza, ","Cop!Naruto, Sexually frustrated!Sasuke, Mentions of Prostitution, Violence, Detective Work, Humor, cross-dressing, Psychological Trauma, Psychological Warfare, Torture, Aftermath of Torture, Explicit Sexual Content, Sexual Tension, First Time, coarse language, PTSD, Recovery and Triumph, SasuNaru - Freeform, Hurt/Comfort, ",<generator object Tag._all_strings at 0x000001EB1F52B9E0>,24,1301,"Hatake Kakashi, Uchiha Sasuke, Uchiha Itachi, Uzumaki Naruto, Haku (Naruto), Momochi Zabuza, Inuzuka Kiba, Uzumaki Kushina, Namikaze Minato, Uchiha Fugaku, Uchiha Mikoto, Hidan (Naruto), Jiraiya (Naruto), Tsunade (Naruto), ",3,4959,1155
37,By dawn we'll have our Wings,Naruto,Teen And Up Audiences,"Choose Not To Use Archive Warnings, Graphic Depictions Of Violence","Hatake Sakumo/Uchiha Obito, ","Obito gets sent back in time, even though he doesn't really want to be, Time Travel, Fix It, Obito is angry, obviously, When isn't he, let's be real, Sakumo is a terrible flirt, Obito blushes nonetheless, Sarutobi is so done with everyone's shit, especially a certain time traveler, Dimension Travel, pre-third war into third war, this fic did not turn out how i planned, that's okay though, I fixed the tags, do not copy to another site, i added chapters 10 and 11 after finishing, things have been edited just fyi, it's better this way tho, trust me - Freeform, ",<generator object Tag._all_strings at 0x000001EB1F52BA50>,25,901,"Uchiha Obito, Hatake Sakumo, Hatake Kakashi, Uchiha Fugaku, Uchiha Mikoto, Uzumaki Kushina, Sarutobi Hiruzen, Nohara Rin, Namikaze Minato, Yamato | Tenzou, Tsunade (Naruto), Orochimaru (Naruto), Jiraiya (Naruto), ",13,6312,1871
38,anachronism,Naruto,Teen And Up Audiences,No Archive Warnings Apply,"Hatake Sakumo/Uzumaki Naruto, Hatake Kakashi/Uchiha Obito, Minor or Background Relationship(s), Katou Dan/Tsunade, Hatake Sakumo/Original Female Character(s), Uzumaki Naruto/Original Male Character(s), Nohara Rin/Original Male Character(s), Hyuuga Neji/Original Female Character(s), Hyuuga Hinata/Uchiha Sasuke, Haruno Sakura/Uchiha Itachi, Uzumaki Naruto/Original Female Character(s), ","Alternate Universe - Time Travel, Time Travel, Minor Character Death, Major Original Character(s), Second Shinobi War, Uzushiogakure | Hidden Eddy Village, Fuuinjutsu, Third Shinobi War, Chuunin Exams, Uzumaki Naruto was Raised by Other(s), Uzumaki Naruto Raises Himself, Fuuinjutsu Master Uzumaki Naruto, No Ootsutsuki Clan, POV Multiple, ",<generator object Tag._all_strings at 0x000001EB1F52BAC0>,73,967,"Uzumaki Naruto, Tsunade (Naruto), Jiraiya (Naruto), Orochimaru (Naruto), Hatake Sakumo, Katou Dan, Original Characters, Namikaze Minato, Uzumaki Kushina, Hatake Kakashi, Uchiha Obito, Nohara Rin, Uchiha Shisui, Uchiha Itachi, Haruno Sakura, Uchiha Sasuke, Hyuuga Hinata, ",6,2488,903
39,survival of the fittest,Naruto,Teen And Up Audiences,Choose Not To Use Archive Warnings,"Haruno Sakura & Nara Shikamaru, ","Alternate Universe, Alternate Universe - Canon Divergence, Language, Violence, Torture, BAMF Sakura, BAMF Shikamaru, Don't copy to another site, ",<generator object Tag._all_strings at 0x000001EB1F52BB30>,1,550,"Haruno Sakura, Nara Shikamaru, Dai-nana-han | Team 7 (Naruto), Dai-jippan | Team 10 (Naruto), Tsunade (Naruto), Shizune (Naruto), Nara Shikaku, Nara Yoshino, OCs, ",0,7618,2991
40,Soulmate Drabbles,Naruto,Mature,Choose Not To Use Archive Warnings,"Uchiha Sasuke/Uzumaki Naruto, Senju Tobirama/Uchiha Madara, Hatake Kakashi/Uchiha Obito, Hatake Sakumo/Orochimaru, Hatake Sakumo/Hisagi Shuuhei, Nara Shikamaru/Sai, Gaara/Uzumaki Naruto, Uchiha Mikoto/Uzumaki Kushina, Senju Tobirama/Uchiha Kagami, Namikaze Minato/Uchiha Fugaku, Hoozuki Suigetsu/Karin, Gokudera Hayato/Hibari Kyouya, Kyuubi | Nine-tails | Kurama & Uzumaki Naruto, Hatake Kakashi/Uzumaki Naruto, Hyuuga Hinata/Karin (Naruto), Ayasegawa Yumichika/Madarame Ikkaku, Cedric Diggory/Harry Potter, Mitarashi Anko/Shizune, Sesshoumaru/Orochimaru, Hyuuga Hinata/Yamanaka Ino, Hoshigaki Kisame/Uchiha Obito, Jiraiya/Orochimaru (Naruto), Helga Hufflepuff/Rowena Ravenclaw, Senju Hashirama/Uchiha Obito, Hatake Kakashi/Yamato | Tenzou, Uchiha Sasuke/Sai, ","Alternate Universe - Soulmates, Alternate Universe - Canon Divergence, Alternate Universe - Modern Setting, Humor, Angst, Romance, Drabble Collection, ",<generator object Tag._all_strings at 0x000001EB1F52BBA0>,46,840,"Uchiha Sasuke, Uzumaki Naruto, Senju Tobirama, Uchiha Madara, Hatake Kakashi, Uchiha Obito, Hatake Sakumo, Orochimaru (Naruto), Nara Shikamaru, Sai (Naruto), Gaara (Naruto), Uchiha Mikoto, Uzumaki Kushina, Hisagi Shuuhei, Uchiha Fugaku, Uchiha Kagami, Namikaze Minato, Hoozuki Suigetsu, Karin (Naruto), Hibari Kyouya, Gokudera Hayato, Hyuuga Hinata, Kyuubi | Nine-tails | Kurama, Shizune (Naruto), Mitarashi Anko, Madarame Ikkaku, Ayasegawa Yumichika, Cedric Diggory, Harry Potter, Sesshoumaru (InuYasha), Rin (InuYasha), Hoshigaki Kisame, Jiraiya (Naruto), Helga Hufflepuff, Rowena Ravenclaw, Godric Gryffindor, Senju Hashirama, ",0,7164,774
41,The Bingo Book,Naruto,Explicit,Choose Not To Use Archive Warnings,"Hatake Kakashi/Umino Iruka, ","Slow Burn, UST for days, (months even), Eventual Sex, Canon-Typical Violence, ANBU - Freeform, Revenge Plots, lots of OCs dying, completely competent Iruka, sort of sensor type Iruka, semi out of retirement ANBU Kakashi, chakralocation, –ü–µ—Ä–µ–≤–æ–¥ –Ω–∞ —Ä—É—Å—Å–∫–∏–π | Translation in Russian, ",<generator object Tag._all_strings at 0x000001EB1F52BC10>,10,1414,"Hatake Kakashi, Umino Iruka, ",0,8472,2328
42,Vapors,Naruto,Explicit,Choose Not To Use Archive Warnings,,"Self-Insert, ",<generator object Tag._all_strings at 0x000001EB1C92BDD0>,103,550,"Uzumaki Naruto, Hatake Kakashi, Original Character, Tenten (Naruto), Tsunade (Naruto), Uchiha Sasuke, ",0,2819,728
43,Arcanum,Naruto,Explicit,"Graphic Depictions Of Violence, Rape/Non-Con, Underage","Haruno Sakura/Orochimaru, Haruno Sakura & Orochimaru, Haruno Sakura/Hidan, Haruno Sakura & Hidan, Uchiha Sasuke/Yakushi Kabuto, Konan/Nagato | Pain, ","Child Abuse, Rape, Suicide, Suicide Attempt, Trauma, Childhood Trauma, Alternate Universe - Canon Divergence, Rebirth, Afterlife, BAMF Haruno Sakura, Haruno Sakura-centric, Strong Haruno Sakura, Haruno Sakura is So Done, Underage Sex, Rape Aftermath, Graphic Description, Punishment, Whipping, lashing, Blood Manipulation, Incest, Parent/Child Incest, Bitter sakura, Dark Haruno Sakura, Morally Grey Haruno Sakura, Grey Haruno Sakura, Orochimaru smut, nukenin, Missing-Nin, Missing-Nin Haruno Sakura, Shikamaru fucked up, Kakashi and Guy bromance, No Zetsu, No Kaguya, because what was Kishimoto smoking during that arc??, Screw Kaguya, Akatsuki - Freeform, Akatsuki Haruno Sakura, profanities, blowjob, Slow Burn, Slow Build, Nagato smut, No beta we die like Neji, Fluff and Smut, Sasori lives, Even more smut, Kabuto is BI, Orochimaru in love, Fluff, even more smut :D, ",<generator object Tag._all_strings at 0x000001EB1C92BE40>,80,4034,"Haruno Sakura, Haruno Sakura's Parents, Haruno Kizashi, Haruno Mebuki, Orochimaru (Naruto), Uzumaki Naruto, Hatake Kakashi, Umino Iruka, Nara Shikamaru, Nara Shikaku, Shiranui Genma, Sarutobi Asuma, Maito Gai | Might Guy, Gekkou Hayate, Tsunade (Naruto), Uchiha Sasuke, Aburame Shino, Hyuuga Hinata, Jiraiya (Naruto), Morino Ibiki, Hoshigaki Kisame, Uchiha Itachi, Nagato | Pain, Konan (Naruto), Kakuzu (Naruto), Hidan (Naruto), Deidara (Naruto), Sasori (Naruto), Tobi (Naruto), ",11,3521,590
44,Help Me to Open My Eyes,Naruto,Teen And Up Audiences,"Graphic Depictions Of Violence, Major Character Death, Rape/Non-Con, Underage","Uchiha Sasuke & Uzumaki Naruto, Haruno Sakura & Uchiha Sasuke & Uzumaki Naruto, Hatake Kakashi & Uchiha Sasuke, Haruno Sakura & Hatake Kakashi & Uchiha Sasuke & Uzumaki Naruto, Haruno Sakura/Uzumaki Naruto, Hatake Kakashi/Uchiha Obito, Sarutobi Asuma/Yuuhi Kurenai, Nara Shikamaru/Yamanaka Ino, ","Uchiha Sasuke-centric, Good Uchiha Sasuke, BAMF Hatake Kakashi, BAMF Haruno Sakura, BAMF Uzumaki Naruto, Smart Uzumaki Naruto, Loving Team Seven, team seven feels, INSPIRATIONAL, Hurt Uchiha Sasuke, Abuse, Child Abuse, eating problems, Strong Haruno Sakura, Uchiha Itachi Has Issues, Not Third Hokage friendly, no beta we die like men, Not Danzo friendly, Ino Yamanaka is a good bro, Hatake Kakashi deserves better, Anbu Hatake Kakashi, Hurt Hatake Kakashi, Emotional Hurt/Comfort, Emotional Manipulation, Uzumaki Naruto is a Good Friend, Naruto is too precious, LGBTQ Themes, Team as Family, Non-Graphic Rape/Non-Con, Panic Attacks, Post-Traumatic Stress Disorder - PTSD, Loss, Grief/Mourning, Uchiha Sasuke Has Issues, Haruno Sakura Has Issues, Uzumaki Naruto Has Issues, Everyone Has Issues, BAMF Nara Shikamaru, Shikamaru Nara is figuring shit out, Namikaze Minato Adopts Hatake Kakashi, Kyuubi | Nine-tails | Kurama is a Little Shit, Orphanage, world building, Politics, I swear it's interesting though, just a bit of Uchiha Clan backstory, Hyuuga Clan fix it, Cause we know who's really doing the planting, Hyuuga Clan should not be allowed slaves, Hatake Kakashi is a Good Teacher, Hatake Kakashi Needs a Hug, I love Team Seven, Naruto backstory building, Sakura backstory building, I do not like villains, No redemption for Orochimaru, Uchiha Fugaku is an Asshole, Uchiha Clan-centric, Uchiha Sasuke Needs a Hug, Rape Aftermath, Rape Recovery, ",<generator object Tag._all_strings at 0x000001EB1C92BEB0>,45,414,"Uchiha Sasuke, Uzumaki Naruto, Haruno Sakura, Hatake Kakashi, Inner Haruno Sakura, Uchiha Itachi, Obito Uchiha, Umino Iruka, Uchiha Fugaku, Uchiha Mikoto, Sakura Haruno's parents, Haruno Mebuki, Haruno Kizashi, Yamanaka Ino, Team Seven - Character, Nara Shikamaru, Akimichi Chouji, Sarutobi Asuma, Yuuhi Kurenai, Inuzuka Kiba, Aburame Shino, Hyuuga Hinata, Hyuuga Neji, Hyuuga Clan - Character, ten ten, Rock Lee, Maito Gai | Might Guy, Sarutobi Hiruzen, Shimura Danzou, Uchiha Clan, ",2,1376,520
45,ùêáùê®ùê∞ ùêçùêéùêì ùê≠ùê® ùêíùêÆùê¶ùê¶ùê®ùêß ùêö ùêÖùêûùê•ùê• ùêÉùê´ùêöùê†ùê®ùêß,ÂéüÁ•û | Genshin Impact (Video Game),Explicit,No Archive Warnings Apply,"Zhongli (Genshin Impact)/Reader, Xiao (Genshin Impact)/Reader, Scaramouche (Genshin Impact)/Reader, Nezu | Piers (Pokemon)/Reader, Joseph Joestar/Reader, Kaeya (Genshin Impact)/Reader, Gimurei | Grima/Reader, Lucifer (Shall We Date?: Obey Me!)/Reader, Albedo (Genshin Impact)/Reader, Tartaglia | Childe (Genshin Impact)/Reader, Leviathan (Shall We Date?: Obey Me!)/Reader, Alastor (Hazbin Hotel)/Reader, 2P Hetalia Ensemble/Reader, 2P!Canada/Reader, Diluc (Genshin Impact)/Reader, Uchiha Itachi/Reader, Gilgamesh | Caster/Reader, Jafar (Magi)/Reader, Hinahoho (Magi)/Reader, Ren Kouen/Reader, Dande | Leon/Reader, Youko Kurama/Reader, Dante (Devil May Cry)/Reader, Alucard | Adrian Tepes | Arikado Genya/Reader, Kaedehara Kazuha/Reader, Vergil (Devil May Cry)/Reader, Arjuna Alter | Berserker/Reader, ","Reader-Insert, Drabble Collection, Smut, Plot What Plot/Porn Without Plot, Mating Cycles/In Heat, Outdoor Sex, Possessive Sex, Shameless Smut, Breeding, Impregnation, Rough Sex, Lactation Kink, Loss of Virginity, Virginity Kink, Virginity or Celibacy Kink, Demon Sex, Pregnant Sex, Unplanned Pregnancy, Alpha/Beta/Omega Dynamics, Interspecies Sex, Knotting, Porn With Plot, Forest Sex, Married Sex, Non-Explicit Sex, Cock Warming, Vaginal Sex, Lap Sex, Size Kink, Size Difference, Creampie, Sleep Sex, Somnophilia, ",<generator object Tag._all_strings at 0x000001EB1C92BF20>,26,227,"Reader, ",0,2059,141
46,Scent and Sensibility,Naruto,Explicit,Choose Not To Use Archive Warnings,"Hatake Kakashi/Umino Iruka, ","Alpha/Beta/Omega Dynamics, Mating Cycles/In Heat, Knotting, overly protective Kakashi, ridiculous amounts of smelling each other, mild angst turning to fluff after a few good orgasms, apologies to Jane Austen for the title, brief mentions of a past attempted sexual assault, mutually pining idiots, Lots of masturbation, eventually lots of sex too, consent and respect, Iruka isn't a submissive omega stereotype, slowish burn, –ü–µ—Ä–µ–≤–æ–¥ –Ω–∞ —Ä—É—Å—Å–∫–∏–π | Translation in Russian, ",<generator object Tag._all_strings at 0x000001EB1C92BF90>,8,938,"Umino Iruka, Hatake Kakashi, ",0,7351,1610
47,a symbol of subjugation,Naruto,Mature,Choose Not To Use Archive Warnings,"Senju Tobirama/Uchiha Madara, Senju Hashirama/Uzumaki Mito, Uchiha Izuna & Uchiha Madara, Senju Hashirama & Senju Tobirama, Uchiha Madara & Uzumaki Mito, Senju Hashirama & Uchiha Madara, Senju Touka/Uchiha Hikaku/Uchiha Izuna, ","Alternate Universe - Canon Divergence, POV Multiple, Worldbuilding, Politics, Economics, The Mundanities of War, The Simple Privileges of Peace, Power Imbalance, Power Dynamics, Gender Issues, Gender Roles, Slow Burn, Developing Relationship, Developing Friendships, Concubinage, plot without porn, Rating for themes not porn, I Put My Rage About Kishimoto's Worldbuilding Into a Fic, And I Added MadaTobi Because I Adore Them, Period-Typical Sexism, Period-Typical Underage, As in the historical Sengoku Period, Implied/Referenced Child Abuse, Implied/Referenced Rape/Non-con, Implied/Referenced Dubious Consent, Doesn't Happen Between MadaTobi But Discussed As a Real Possibility Due to Period and Premise, Japanese Culture, Japanese Character(s), Japanese Mythology & Folklore, Canon-Typical Violence, Mundane Uses of Chakra, Mundane Uses of Jutsu, Post-Traumatic Stress Disorder - PTSD, Complex PTSD to be Exact and Due to, Past Child Abuse, Emotional/Psychological Abuse, Childhood Trauma, How Culture Can Be Used to Justify and Perpetuate Abuse, Senju Tobirama Needs a Hug, Senju Hashirama Needs a Hug, Everyone Needs A Hug, Recovery, Healing, Major Character Injury, Blindness, Specifically Tobirama goes blind, Permanent Injury, Intra-clan Politics, inter-clan politics, Philosophy, What Makes for a Non-Human?, Village Building as a Metaphor for Nation Building, Solving Canon's Issues Before They Can Occur, While Dealing Properly With, Mental Health Issues, Because Fuck You and Your Handling of Trauma Kishimoto, Additional Warnings In Author's Note, ",<generator object Tag._all_strings at 0x000001EB1C91B040>,32,1851,"Senju Tobirama, Uchiha Izuna, Uchiha Madara, Uzumaki Mito, Senju Hashirama, Senju Touka, Uchiha Hikaku, Uchiha Kagami, Original Uchiha Character(s), Original Uzumaki Character(s), Sanbi | Three-tails | Isobu, Nibi | Two-tails | Matatabi, Kyuubi | Nine-tails | Kurama, ",0,3729,1466
48,Early Summer Rain,Naruto,Mature,Choose Not To Use Archive Warnings,"Haruno Sakura & Hatake Kakashi, Haruno Sakura & Shiranui Genma, Haruno Sakura & Nara Shikamaru, ","BAMF Haruno Sakura, Haruno Sakura-centric, Angst, Implied/Referenced Child Abuse, Mental Health Issues, Kakashi being a good teacher, Depression, Team as Family, Protective Hatake Kakashi, Tsunade isn't Sakura's teacher, Alternate Universe - Canon Divergence, Socially Awkward Kakashi, Fix-It of Sorts, Canon compliant when it fits, sakura has a bad childhood, Sasuke barely appears in this, Character Development, Developing Friendships, Families of Choice, Happy Ending, realistic recovery, Because depression and trauma don't just disappear, Or even linear and it irks me that people write it that way, ",<generator object Tag._all_strings at 0x000001EB1C91B0B0>,16,909,"Haruno Sakura, Hatake Kakashi, Uzumaki Naruto, Shiranui Genma, Nara Shikamaru, Namiashi Raidou, ",16,5543,1579
49,Waves,Naruto,Mature,Graphic Depictions Of Violence,"Namikaze Minato/Uzumaki Kushina, Haruno Sakura & Jiraiya, ","Original Characters (Briefly) - Freeform, Alternate Universe - Canon Divergence, Technically A Time Travel Fix-It, Rebirth, Sakura Learns Not To Suck, Sakura Is Smurt, ",<generator object Tag._all_strings at 0x000001EB1C91B190>,27,1204,"Haruno Sakura, Uzumaki Kushina, Namikaze Minato, Hatake Kakashi, Nohara Rin, Uchiha Obito, ",38,10013,3516
50,The Great Medic [Original],Naruto,Teen And Up Audiences,"Graphic Depictions Of Violence, Major Character Death","Nara Shikamaru/Uzumaki Naruto, Uchiha Sasuke & Uzumaki Naruto, Haruno Sakura & Uchiha Sasuke & Uzumaki Naruto, Haruno Sakura & Uzumaki Naruto, Hatake Kakashi & Uzumaki Naruto, Sarutobi Hiruzen & Uzumaki Naruto, Uzumaki Naruto & Minor Original Characters, Nara Shikamaru & Uzumaki Naruto, ","medic!Naruto, Naruto is a medic, Medic - Freeform, Naruto Medic, Strong Uzumaki Naruto, Smart Uzumaki Naruto, Uzumaki Naruto is a Good Friend, Dai-nana-han | Team 7 (Naruto) Feels, Team as Family, Medical Procedures, Medical Jargon, Naruto is a medical encyclopedia, Minor Original Character(s), Haruno Sakura is a Good Friend, Uchiha Sasuke is a Good Friend, Nara Shikamaru is a Good Friend, and a better boyfriend, Slow Burn, Slow Burn Nara Shikamaru/Uzumaki Naruto, Friends to Lovers, Sakura is a fangirl, but not in a bad way, Sasuke still wants revenge, but he's not an asshole anymore, Kakashi is still Kakashi, he just loves the team more than he did in canon, Lots of Angst, Feels, Medical Jargon explained for easy reading, i don't know how to tag, Naruto is a precious child and needs a hug, And he gets one always, Anxiety, Depression, ",<generator object Tag._all_strings at 0x000001EB1C91B200>,27,257,"Uzumaki Naruto, Haruno Sakura, Uchiha Sasuke, Hatake Kakashi, Nara Shikamaru, Sarutobi Hiruzen, Umino Iruka, Dai-nana-han | Team 7 (Naruto), Minor Characters, Minor Original Characters - Character, Minor Original Medic Characters, Minor Original Doctor Characters, ",2,3246,1102
51,"Piece by Piece, Back Together",Naruto,Explicit,Choose Not To Use Archive Warnings,"Uchiha Sasuke/Uzumaki Naruto, ","birthday fic, Naruto's pov, a/b/o dynamics, Omega!Naruto, Alpha!Sasuke, Some angst, some violence, Leading up to sexual assault but it doesn't actually occur, Slash, Mpreg, Alternate Universe, Kushina and Minato live, Time Skips, mentions of past character deaths, mature content, Start of a panic attack, Bullying, Name Calling, some drama, Rimming, Medical Examination, Brief explanation of male Omega biology, Birth, Good Orochimaru, Breastfeeding, but not that explicit, Character Death, ""Something blue"", ",<generator object Tag._all_strings at 0x000001EB1C91B270>,22,1347,"Uzumaki Naruto, Uchiha Sasuke, Umino Iruka, Inuzuka Kiba, Namikaze Minato, Uzumaki Kushina, Sakon (Naruto), Jiroubou (Naruto), Kidoumaru (Naruto), Morino Ibiki, Gaara (Naruto), Hatake Kakashi, Nara Shikamaru, Inuzuka Hana, Tsunade (Naruto), Deidara (Naruto), OC Character, Hoozuki Suigetsu, Karin (Naruto), Mizuki (Naruto), Juugo (Naruto), Shizune (Naruto), Temari (Naruto), Sasori (Naruto), Yuuhi Kurenai, ",0,3461,703
52,How Naruto and Sasuke Became Friends,Naruto,Teen And Up Audiences,No Archive Warnings Apply,"Uchiha Sasuke/Uzumaki Naruto, ","Alternate Universe - High School, Accidental Relationship, Domestic, ",<generator object Tag._all_strings at 0x000001EB1C91B2E0>,1,141,"Uchiha Sasuke, Haruno Sakura, Uzumaki Naruto, Hatake Kakashi, Gaara (Naruto), ",8,10257,1660
53,Second Chance,Naruto,Teen And Up Audiences,No Archive Warnings Apply,"Gaara & Nara Shikamaru, ","Time Travel, Fluff, Angst, Family Feels, Friendship, Gaara Needs a Hug, So Does Shikamaru, And Naruto, Post-Traumatic Stress Disorder - PTSD, In This Fic We Love And Cherish All Canon Characters, ",<generator object Tag._all_strings at 0x000001EB1C91B350>,33,1518,"Nara Shikamaru, Gaara (Naruto), Uzumaki Naruto, Temari (Naruto), Kankurou (Naruto), Yashamaru (Naruto), Akimichi Chouji, Nara Shikaku, Nara Yoshino, Uchiha Fugaku, Uchiha Mikoto, ",5,4651,1405
54,Partners,Naruto,Explicit,Choose Not To Use Archive Warnings,"Uchiha Sasuke/Uzumaki Naruto, ","Yaoi, Vampires, Alternate Universe, Alternate Universe - Modern Setting, Action, Romance, Smut, Blood, Supernatural Elements, Were-Creatures, Fights, Clubbing, Dirty Dancing, Masturbation, Violence, Hand Jobs, Oral Sex, Anal Sex, Rimming, Explicit Sexual Content, Angst, Minor Character Death, ",<generator object Tag._all_strings at 0x000001EB1C91B3C0>,35,894,"Uchiha Sasuke, Uzumaki Naruto, Hatake Kakashi, Inuzuka Kiba, Umino Iruka, Hidan (Naruto), Kakuzu (Naruto), ",4,2931,640
55,Waterfall's Last,Naruto,Explicit,"Graphic Depictions Of Violence, Underage","Hatake Kakashi/Umino Iruka, Sarutobi Asuma/Yamato | Tenzou, Namiashi Raidou/Shiranui Genma, Gekkou Hayate/Uzuki Yuugao, Maito Gai | Might Guy/Mitarashi Anko, ","Baby Fic, Kid Fic, Teenagers, Falling In Love, Alpha/Beta/Omega Dynamics, Alpha/Omega, Beta/Beta, Alpha Hatake Kakashi, Omega Umino Iruka, Bottom Umino Iruka, Alpha Sarutobi Asuma, Omega Yamato | Tenzo, Alpha Fu, Omega Uzumaki Naruto, Beta Shiranui Genma, Beta Namiashi Raidou, Mother Hen Shiranui Genma, Yamato goes by Tenzo at this time, ANBU - Freeform, ANBU Culture, Ninja Culture, Iruka is from Waterfall, Fluff, Domestic Fluff, Iruka gets adopted by Kakashi's Anbu team, Consensual Underage Sex, Underage Drinking, Kinda, Because they're legal adults as ninja, Hero Water, Iruka is a giant mother, Attempted Sexual Assault, very mild, Omega/Omega, Smut, Masturbation, Intersex Alphas, Intersex Omegas, Mpreg, Implied Mpreg, Moral Ambiguity, Dubious Morality, you know, ninja being ninja, Arranged Marriage, Parent Umino Iruka, Umino Iruka Adopts Uzumaki Naruto, Parent Hatake Kakashi, ",<generator object Tag._all_strings at 0x000001EB1C91B430>,24,979,"Umino Iruka, Hatake Kakashi, Hatake Kakashi's Ninken, Uzumaki Naruto, Fuu (Naruto), Yamato | Tenzou, Sarutobi Asuma, Mitarashi Anko, Yuuhi Kurenai, Shiranui Genma, Namiashi Raidou, Gekkou Hayate, Uzuki Yuugao, Maito Gai | Might Guy, Shibuki, ",0,4388,1202
56,Akatsuki Babysitter's Club,Naruto,Teen And Up Audiences,Choose Not To Use Archive Warnings,"Hatake Kakashi/Uchiha Obito, Konan/Nagato | Pain, Hoshigaki Kisame/Karatachi Yagura, ","Fix-It, Fix-It of Sorts, Farce, Mood Whiplash, kakashi chooses differently, so obito chooses differently, obito the megalomaniac, obito is also a bit of an idiot, Idiots in Love, househusband fantasies, Aged-Up Character(s), shinobi morals, who let the akatsuki in here, Rin ex Machina, Fade to Black, Kidnapping, If you want to get technical, you can find hiruzen at the shinobi margaritaville, timelines are just suggestions, ",<generator object Tag._all_strings at 0x000001EB1C91B4A0>,3,590,"Hatake Kakashi, Uchiha Obito, Akatsuki (Naruto), Konan (Naruto), Nagato | Pain, Sasori (Naruto), Hidan (Naruto), Kakuzu (Naruto), Orochimaru (Naruto), Tsunade (Naruto), Jiraiya (Naruto), Hoshigaki Kisame, Zetsu (Naruto), Uchiha Mikoto, Uchiha Itachi, Uchiha Shisui, Nohara Rin, Karatachi Yagura, Gaara (Naruto), Fuu (Naruto), Sarutobi Hiruzen, Shimura Danzou, Uzumaki Naruto, ",0,10664,3530
57,"Dirt and Ashes, or: The One-and-a-Half Body Problem",Naruto,Mature,"Graphic Depictions Of Violence, Major Character Death","Haruno Sakura & Hidan, ","Violence, Torture, Jashinism, Alternate Universe - Canon Divergence, Horror Elements, War, No Romance, BAMF Sakura, Hidan-Sensei, Jashinist Sakura, Immortality, thematically post apocalyptic, Dark Comedy, there are spoilers for this fic in the bookmarks for this fic, i can't stop them but I can warn you :), ",<generator object Tag._all_strings at 0x000001EB1C91B580>,21,1290,"Haruno Sakura, Hidan, Orochimaru, Uchiha Itachi, Yamanaka Ino, Hatake Kakashi, a lot of dead people, Uchiha Sasuke, ",36,6468,2548
58,"Adoption by Defenestration; or, A Family Can Be A Fox Demon, Its Jinchuuriki, and Three Dozen Highly-Trained Assassins",Naruto,Teen And Up Audiences,No Archive Warnings Apply,"Uzumaki Naruto & Yamato | Tenzou, ","Alternate Universe - Canon Divergence, Implied/Referenced Child Abuse, Child Neglect, Naruto has three dozen ANBU parents, –ü–µ—Ä–µ–≤–æ–¥ –Ω–∞ —Ä—É—Å—Å–∫–∏–π | Translation in Russian, ",<generator object Tag._all_strings at 0x000001EB1C91B510>,1,424,"Uzumaki Naruto, Yamato | Tenzou, Uchiha Itachi, Hatake Kakashi, ANBU (Naruto), ",56,14220,4890
59,Sneaking Around Konoha,Harry Potter - J. K. Rowling,Explicit,Graphic Depictions Of Violence,"Harry Potter/ Hatake Kakashi, Minor or Background Relationship(s), ","Crossover, Cross-Posted on FanFiction.Net, Dimension Travel, Magical Accidents, Shinobi, Developing Relationship, Developing Friendships, Alternate Universe - Canon Divergence, Canon-Typical Violence, Blood and Violence, Post-Traumatic Stress Disorder - PTSD, Konohagakure | Hidden Leaf Village, Original Character(s), Supportive Hatake Kakashi, Anbu Hatake Kakashi, Slice of Life, Metamorphmagus, shinobi Teddy Lupin, Bisexual Character, Kidnapping, Unplanned Pregnancy, Single Parents, Family Fluff, Shinobi Politics (Naruto), Hokage Uzumaki Naruto, Mental Health Issues, Mention of self-destructive tendencies, Herbalist Harry Potter, ",<generator object Tag._all_strings at 0x000001EB1C91B5F0>,39,359,"Harry Potter, Hatake Kakashi, Teddy Lupin, Uzumaki Naruto, Haruno Sakura, Uchiha Sasuke, Sarutobi Asuma, Yuuhi Kurenai, Tsunade (Naruto), Jiraiya (Naruto), ANBU (Naruto), Hatake Kakashi's Ninken, Shizune (Naruto), Weasley Family (Harry Potter), Maito Gai | Might Guy, Harry Potter Characters, Other Naruto Character(s), ",12,3239,1266
60,Stepping Stones,Naruto,Explicit,No Archive Warnings Apply,"Hatake Kakashi/Uchiha Obito, ","Romance, Schmoop, Dimension Travel, Angsty Schmoop, Friends to Lovers, Friendship, ",<generator object Tag._all_strings at 0x000001EB1C91B820>,1,99,"Uchiha Obito, Hatake Kakashi, Uzumaki Naruto, Shiranui Genma, Yamato, Haruno Sakura, Uchiha Sasuke, ",0,6893,1491
61,A World of Truth,Naruto,Explicit,No Archive Warnings Apply,"Uchiha Sasuke/Uzumaki Naruto, Hatake Kakashi/Uchiha Obito/Rin, ","Alternate Universe - Canon Divergence, aka Obito wins, Trust Issues, ",<generator object Tag._all_strings at 0x000001EB1E49E190>,10,418,"Uchiha Sasuke, Uzumaki Naruto, Hatake Kakashi, Uchiha Obito, Karin (Naruto), Rin (Naruto), Gaara (Naruto), Haruno Sakura, ",9,7996,2101
62,Nukenin,Naruto,Teen And Up Audiences,No Archive Warnings Apply,,"Dimension Travel, nukenin, Missing-Nin, Konoha ninja are probably confused, Because Kakashi doesn't abandon his comrades, team seven, Kakashi actually being a sensei, Even though he's not, possessive kakashi, Team Seven is his team, Kinda Fluffy, Team as Family, Protective Kakashi, Suspicion, Because ninja, But not too angsty or violent or anything, no beta we die like shinobi, ",<generator object Tag._all_strings at 0x000001EB1E49E200>,4,494,"Hatake Kakashi, Umino Iruka, Uzumaki Naruto, Haruno Sakura, Uchiha Sasuke, Nara Shikaku, ",21,9362,3054
63,All We Left Behind,Naruto,Teen And Up Audiences,Choose Not To Use Archive Warnings,"Shiranui Genma/Uzumaki Naruto, ","Time Travel Fix-It, Alternate Universe - Time Travel, Fluff and Angst, Uzumaki Naruto Needs a Hug, Naruto says fuck authority figures, Fuuinjutsu Master Uzumaki Naruto, Smart Uzumaki Naruto, Angst with a Happy Ending, ",<generator object Tag._all_strings at 0x000001EB1E49E270>,27,688,"Uzumaki Naruto, Shiranui Genma, Namiashi Raidou, Hatake Kakashi, Uchiha Sasuke, Haruno Sakura, Nara Shikaku, Yamanaka Inoichi, Uzuki Yuugao, ",20,3435,1209
64,A Clan Reborn,Naruto,Explicit,No Archive Warnings Apply,"Haruno Sakura/Uzumaki Naruto, Hyuuga Hinata/Uzumaki Naruto, Uzumaki Naruto/Yamanaka Ino, Tenten/Uzumaki Naruto, Tsunade/Uzumaki Naruto, Kyuubi | Nine-tails | Kurama & Uzumaki Naruto, Uzumaki Naruko/Uzumaki Naruto, ","Harems, ",<generator object Tag._all_strings at 0x000001EB1E49E2E0>,30,35,,0,385,168
65,Bloodstained Hands in a World of White,Naruto,Teen And Up Audiences,Major Character Death,,"Alternate Universe - Time Travel, Time Travel, Hatake Kakashi-centric, Hurt/Comfort, Emotional Hurt/Comfort, Angst and Hurt/Comfort, Angst, Third Shinobi War, Protective Hatake Kakashi, Kamui Sharingan, Team Minato - Freeform, Team Minato reunited, poor kakashi, Guilty Kakashi Hatake, Hatake Kakashi Has Issues, Hatake Kakashi Has PTSD, Post-Traumatic Stress Disorder - PTSD, Nightmares, Kid Hatake Kakashi, Dreams and Nightmares, Major Character Undeath, Canonical Character Death, Implied/Referenced Character Death, Minato Namikaze is a Dad, Dad Minato, Shimura Danzou Being an Asshole, Evil Shimura Danzou, ANBU - Freeform, Team Minato-centric, Team Bonding, Fix-It, Fix-It of Sorts, Time Travel Fix-It, Character Death Fix, ",<generator object Tag._all_strings at 0x000001EB1E49E350>,22,1296,"Hatake Kakashi, Uchiha Obito, Nohara Rin, Namikaze Minato, Maito Gai | Might Guy, ",19,5096,1266
66,Hardest of hearts,Naruto,Teen And Up Audiences,Choose Not To Use Archive Warnings,"Jiraiya/Orochimaru (Naruto), ","Alternate Universe - Canon Divergence, Time Travel, Light Romance, Friendship, Oops Orochimaru isn't a raging asshole, Fix-It, kind of?, ",<generator object Tag._all_strings at 0x000001EB1E49E3C0>,1,87,"Orochimaru (Naruto), Uchiha Obito, Jiraiya (Naruto), Sarutobi Hiruzen, Namikaze Minato, Shimura Danzou, ",0,6155,642
67,Frayed Truths,Naruto,General Audiences,No Archive Warnings Apply,"Hatake Kakashi & Uchiha Sasuke, Haruno Sakura & Uchiha Sasuke & Uzumaki Naruto, Uchiha Itachi & Uchiha Sasuke, ","Hurt/Comfort, Team Dynamics, Alternate Universe - Canon Divergence, Uchiha Sasuke-centric, Uchiha Sasuke Has Issues, Everyone has issues honestly, but mostly sasuke, Post-Traumatic Stress Disorder - PTSD, Suicidal Thoughts, Sasuke Deals With His Trauma, and also gets some more, Sasuke spends the first half of the story in a coma, because team 7 needs some character development, itachi has shitty decision-making skills, ",<generator object Tag._all_strings at 0x000001EB1E49E430>,40,1438,"Uchiha Sasuke, Hatake Kakashi, Uzumaki Naruto, Haruno Sakura, Uchiha Itachi, Jiraiya (Naruto), Maito Gai | Might Guy, Tsunade (Naruto), Umino Iruka, Yamanaka Ino, Otogakure no Shinobi Yonin Shuu | Sound Four (Naruto), Shimura Danzou, Hoshigaki Kisame, Morino Ibiki, Uchiha Obito, Orochimaru (Naruto), ",7,3353,755
68,Freedom Fox,Naruto,Explicit,Underage,"Kyuubi | Nine-tails | Kurama/Uzumaki Naruto, Kyuubi | Nine-tails | Kurama/Akamaru, Inuzuka Kiba/Uzumaki Naruto, Akamaru/Naruto, Kyuubi | Nine-tails | Kurama/Inuzuka Kiba, Kyuubi | Nine-tails | Kurama/Uchiha Sasuke/Uzumaki Naruto, ","Mind Control, Bestiality, Hypnotism, Watersports, Scent Marking, Large Cock, Spanking, ",<generator object Tag._all_strings at 0x000001EB1E49E4A0>,7,18,"Kyuubi | Nine-tails | Kurama, Uzumaki Naruto, Akamaru (Naruto), Inuzuka Kiba, Uchiha Sasuke, ",0,656,120
69,through the cracks in reverse,Naruto,Mature,Choose Not To Use Archive Warnings,"Hatake Sakumo/Orochimaru, Hyuuga Hiashi/Uchiha Fugaku, Hatake Kakashi/Kyuubi | Nine-tails | Kurama, Uchiha Mikoto/Uzumaki Kushina, Momochi Zabuza/Gekkou Hayate, Uchiha Shisui/Kyuubi | Nine-tails | Kurama, Kyuubi | Nine-tails | Kurama/Uzumaki Kushina/Namikaze Minato, Hoshigaki Kisame/Uchiha Obito, Kyuubi | Nine-tails | Kurama/Shiranui Genma/Namiashi Raidou, ","Alternate Universe - Canon Divergence, Humor, Angst, Ridiculousness, Fanfiction of Fanfiction, Of my own fanfiction even, ",<generator object Tag._all_strings at 0x000001EB1E49E510>,11,608,"Hatake Sakumo, Hatake Kakashi, Hyuuga Hiashi, Kyuubi | Nine-tails | Kurama, Orochimaru (Naruto), Uchiha Mikoto, Uzumaki Kushina, Uchiha Shisui, Uchiha Fugaku, Fuu (Naruto), Uzumaki Naruto, Gaara (Naruto), Nii Yugito, Nagato | Pain, Harry Potter, Tom Riddle | Voldemort, Momochi Zabuza, Gekkou Hayate, Namikaze Minato, Uchiha Obito, Hoshigaki Kisame, Shiranui Genma, ",0,5582,493
70,Hold on to your heart,Naruto,Teen And Up Audiences,No Archive Warnings Apply,"Jiraiya/Orochimaru (Naruto), Hatake Kakashi/Uchiha Obito, ","Reunions, Fluff, Mindless Fluff, Vague allusions to past torture, Time Travel, First Kiss, ",<generator object Tag._all_strings at 0x000001EB1E49E5F0>,1,218,"Orochimaru (Naruto), Jiraiya (Naruto), Namikaze Minato, Hatake Kakashi, Mitarashi Anko, Uchiha Obito, Hyuuga Hiashi, Hyuuga Hizashi, ",0,8290,681
71,Cultivate Your Hunger,Naruto,Mature,Choose Not To Use Archive Warnings,"Uchiha Sasuke/Uzumaki Naruto, allusions to various other pairings, ","Manga Spoilers, Chapter 700 Coda, Fix It, Angst with a Happy Ending, ‰∏≠ÊñáÁøªËØë | Translation in Chinese, Espa√±ol | Translation in Spanish, ",<generator object Tag._all_strings at 0x000001EB1E49E660>,1,248,"Uzumaki Naruto, Uchiha Sasuke, Haruno Sakura, ",0,7989,1574
72,Melody From Another World,Naruto,Teen And Up Audiences,No Archive Warnings Apply,"Dai-nana-han | Team 7 (Naruto) & Original Female Character(s), Hatake Kakashi/Original Female Character(s)/Umino Iruka, ","Self-Insert, Fix-It, Team as Family, Families of Choice, Polyamory, Polyamorous Character, Original Character(s), Original Character-centric, Alternate Universe - Canon Divergence, Other Additional Tags to Be Added, POV Original Female Character, Explicit Language, POV First Person, Fluff and Angst, Self-Esteem Issues, Self-Loathing, Isekai OC, ",<generator object Tag._all_strings at 0x000001EB1E49E6D0>,94,1457,"Original Female Character(s), Original Male Character(s), Uzumaki Naruto, Uchiha Sasuke, Haruno Sakura, Hatake Kakashi, Umino Iruka, Rock Lee, Maito Gai | Might Guy, Gaara (Naruto), Nara Shikamaru, Inuzuka Kiba, Hyuuga Hinata, Hyuuga Neji, Shiranui Genma, ",2,2029,684
73,Marriage Law Rejection Letters,Harry Potter - Fandom,Teen And Up Audiences,"Choose Not To Use Archive Warnings, No Archive Warnings Apply","Harry Potter various characters, Harry Potter Gang and various charcters, ","Created with the help of various authors. More letters are always welcome., Ministry of Magic bashing, Ginny Bashing, Marriage Law bashing, Alternate Universe - Canon Divergence, Multiple Crossovers, Alternate Universe - Gender Changes, Crossover Pairings, Alternate Universe - Arranged Marriage, Marriage Law Challenge, Rejection, Girl-Who-Lived (Harry Potter), Harry Potter Does What He Wants (Harry Potter), Crossovers & Fandom Fusions, Cross-Posted on FanFiction.Net, ",<generator object Tag._all_strings at 0x000001EB1E49E740>,366,605,"Hermione Granger, Draco Malfoy, Neville Longbottom, Luna Lovegood, Nymphadora Tonks, Male Harry Potter - Character, Female Harry Potter - Character, Original Female Character(s), Bill Weasley, Ginny Weasley, Pansy Parkinson, Vincent Crabbe, Gregory Goyle, Ron Weasley, Arthur Weasley, Nicolas Flamel, Pernelle Flamel, Lucius Malfoy, Delphi (Harry Potter), Dolores Umbridge, Peeves (Harry Potter), Lily Evans Potter, Sirius Black, Astoria Greengrass, Minerva McGonagall, Queenie Goldstein, Jacob Kowalski, Original Characters, Voldemort (Harry Potter), Kingsley Shacklebolt, Daphne Greengrass, Charlie Weasley, Molly Weasley, Kreacher (Harry Potter), ",1,2003,212
74,Kinks and Quirks,Naruto,Explicit,"No Archive Warnings Apply, Rape/Non-Con","Yamanaka Ino/Haruno Sakura/Hatake Kakashi, Akatsuki/Haruno Sakura, Inuzuka Kiba/Haruno Sakura, Deidara/Haruno Sakura, Haruno Sakura/Hatake Kakashi, Yamanaka Ino/Deidara, Pein/Konan, Haruno Sakura/Yamato, ","Gangbang, Blindfolds, Dirty Talk, Squirting, Lemon, Oral Sex, Bondage, Rape, ",<generator object Tag._all_strings at 0x000001EB1E49E820>,8,25,"Hatake Kakashi, Yamanaka Ino, Haruno Sakura, Inuzuka Kiba, Pein, Konan, Deidara, Hoshigaki Kisame, Uchiha Itachi, Hidan, ",0,1363,140
75,NILF,Naruto,Mature,Choose Not To Use Archive Warnings,,,<generator object Tag._all_strings at 0x000001EB1E49E7B0>,32,49,"Uzumaki Naruto, Mitarashi Anko, Hyuuga Hinata, Yuuhi Kurenai, Tsunade (Naruto), Shizune (Naruto), Yamanaka Ino, Kin Tsuchi, Tayuya (Naruto), Shion, Ayame (Naruto), Hyuuga Hanabi, Inuzuka Hana, Temari (Naruto), Tenten (Naruto), Inuzuka Tsume, Yugao, Moegi (Naruto), Kazahana Koyuki | Fujikaze Yukie, Konan (Naruto), Tsunami (Naruto), Nii Yugito, Haruno Sakura, ",0,1616,152
76,Reignite the Flame (to burn down the world),Naruto,Teen And Up Audiences,"Choose Not To Use Archive Warnings, Major Character Death","Haruno Sakura & Uchiha Sasuke & Uzumaki Naruto, Hatake Kakashi & Uchiha Obito, Kyuubi | Nine-tails | Kurama & Uzumaki Naruto, Uchiha Fugaku/Uchiha Mikoto, Namikaze Minato/Uzumaki Kushina, ","Alternate Universe - Time Travel, Time Travel Fix-It, breaking all the time travel rules, Time Travel, Canon-Typical Violence, Mild Language, Cute Team 7, Mama Bear Mikoto, Implied/Referenced Child Neglect, Kurama is infected by Naruto's not thinking plans through, He really needs to just not say things around the boy sometimes, he gives him too many ideas, The Sandaime is finally fixing things, Mikoto is on a mission and she's not stopping until she finds her woman, Tsunade is just done with everything and everyone, hurt!Naruto, Emotional Hurt/Comfort, Hurt/Comfort, Angst, let's just blame everything on Danzo, Sensor!Naruto, Siblings are so much fun!, Plot for everyone!, Kurama and Co are done playing, wistful Naruto, Kurama loves his siblings, not that he'll admit it, Chuunin Exams, Kurama is such a smug shit, Grief/Mourning, Shukaku got the short straw, Tsunade is not okay, Info dump of DOOM, Sasuke feels, just let Tsunade retire already, Kage Summit, BAMF Team Kakashi, Kurama has to have the last word, Kurama the drama queen, Konan says FUCK YOU, Obito's no good very bad week, Mild Gore, Madara is like an STI that just keeps coming back, Bijuudama the Jinchuuriki's solution to everything, Sorry Kabuto, Fuuinjutsu, Zetsu's fuckin dead finally, It's done!!!, ",<generator object Tag._all_strings at 0x000001EB1E49E890>,42,500,"Uzumaki Naruto, Uchiha Sasuke, Haruno Sakura, Uchiha Obito, Kyuubi | Nine-tails | Kurama, Uchiha Itachi, Uchiha Fugaku, Uchiha Mikoto, Haruno Mebuki, Haruno Kizashi, Umino Iruka, Yamanaka Ino, Sarutobi Hiruzen, Yamanaka Inoichi, Hyuuga Hiashi, Hatake Kakashi, Uchiha Shisui, Yamato | Tenzou, Shimura Danzou, Shin (Naruto), Sai (Naruto), Shiranui Genma, Namiashi Raidou, ANBU Root, Tatami Iwashi, Yugao, Original Male Character(s), Original Female Character(s), Maito Gai | Might Guy, Tsunade (Naruto), ANBU (Naruto), Zetsu (Naruto), Ichibi | One-tail | Shukaku, Nibi | Two-tails | Matatabi, Yonbi | Four-tails | Son Gokuu, Gobi | Five-tails | Kokuou, Rokubi | Six-tails | Saiken, Nanabi | Seven-tails | Choumei, Hachibi | Eight-tails | Gyuuki, Utatane Koharu, Shizune (Naruto), Mitokado Homura, Inuzuka Tsume, Jiraiya (Naruto), Sanbi | Three-tails | Isobu, Tazuna (Naruto), Tsunami (Naruto), Inari (Naruto), Konan (Naruto), Nagato | Pain, Orochimaru (Naruto), Gaara (Naruto), Temari (Naruto), Kankurou (Naruto), Baki (Naruto), Utakata (Naruto), Karatachi Yagura, Uchiha Madara, Morino Ibiki, Han (Naruto), Roushi (Naruto), Sasori (Naruto), Yakushi Kabuto, Ao (Naruto), Terumi Mei, Uzumaki Kushina, Namikaze Minato, Yondaime Raikage | Fourth Raikage, Oonoki (Naruto), Killer Bee, Yashamaru (Naruto), Mifune (Naruto), ",6,2179,721
77,No Tomorrow,Naruto,Mature,"Graphic Depictions Of Violence, Major Character Death","Uchiha Shisui/?, ","Time Travel, Uchiha Shisui Lives, And He's Coming For Danzo and The Elders, Social revolution, Politics, Worldbuilding, Culture, Found Family, Alternate Universe - Canon Divergence, Team as Family, Fix-It, Clan Politics, Sarutobi you useless cretin, Slow Burn, ",<generator object Tag._all_strings at 0x000001EB1E49E900>,31,929,"Uchiha Shisui, Uchiha Clan, Uchiha Mikoto, Uchiha Itachi, Shiranui Genma, Yamato | Tenzou, Hatake Kakashi, Yamanaka Inoichi, Nara Shikaku, Akimichi Chouza, Various Konoha Shinobi, Uzumaki Naruto, Yamanaka Ino, Uchiha Sasuke, Uchiha Obito, Tobi (Naruto), Akatsuki (Naruto), Orochimaru (Naruto), Namiashi Raidou, ",22,2255,930
78,A Bit of a Surprise,Naruto,Explicit,Underage,"Hatake Kakashi/Uzumaki Naruto, Hatake Kakashi & Uzumaki Naruto, ","Smut, Kakashi's a dirty man, Bottom Uzumaki Naruto, Top Hatake Kakashi, possible underage (18), Alpha Kakashi, Dominance, gender fluidity, Size Kink, Oiroke no Jutsu | Sexy no Jutsu, Dancing, Exhibitionism, a bit - Freeform, Possessiveness, ",<generator object Tag._all_strings at 0x000001EB1E49E9E0>,3,65,"Uzumaki Naruto, Hatake Kakashi, Kyuubi | Nine-tails | Kurama, ",3,3043,770
79,How To Survive The Weirdest Experience Of Your Life,Naruto,Teen And Up Audiences,Graphic Depictions Of Violence,"Namikaze Minato/Uzumaki Kushina, Nohara Rin/Shiranui Genma, One-Sided Nohara Rin/Uchiha Obito, Hatake Kakashi/Uchiha Obito, ","Assorted Characters - Freeform, Post Time Travel Fix-It, Depression, only at first, PTSD, Recovery, Lady Luck Hates Obito, Blatant Abuse of Kamui, Kamui Escape Artist, Unrequited Love Triangle, But they handle it like adults mostly, Obito doesn't know what retired means, Deus Ex Obito, Alternate Universe - Everyone Lives/Nobody Dies, Except the Baddies, Kickass!Obito, Humor, Bitchy!Kakashi, Happy Ending, Fluffy Ending, ",<generator object Tag._all_strings at 0x000001EB1E49EA50>,5,280,"Uchiha Obito, Hatake Kakashi, Nohara Rin, Namikaze Minato, Uzumaki Kushina, Uzumaki Naruto, Uchiha Sasuke, Haruno Sakura, Jiraiya (Naruto), ",1,5798,1138
80,Kurama,Naruto,Teen And Up Audiences,Graphic Depictions Of Violence,"Kyuubi | Nine-tails | Kurama & Uzumaki Naruto, ","Alternate Universe, Crack, silliness, Adventure, The Power of Love and Friendship, Kurama and anger issues, None of these children understand shit about nutrition, Myth and backstory, ",<generator object Tag._all_strings at 0x000001EB1E49EAC0>,18,905,"Kyuubi | Nine-tails | Kurama, Uzumaki Naruto, Uchiha Sasuke, Hatake Kakashi, Sarutobi Hiruzen, Uchiha Itachi, Uchiha Mikoto, Yamanaka Ino, Haruno Sakura, Inuzuka Kiba, ",12,4562,1247
81,Stumble,Naruto,Teen And Up Audiences,Rape/Non-Con,,"Time Travel, Alternate Universe, ",<generator object Tag._all_strings at 0x000001EB1E49EB30>,72,798,"Haruno Sakura, Sasori (Naruto), Uzumaki Naruto, Uchiha Sasuke, Uchiha Itachi, Hatake Kakashi, Morino Ibiki, Shiranui Genma, Hoshigaki Kisame, Gaara (Naruto), ",19,3025,1050
82,dive for dreams,Naruto,Teen And Up Audiences,No Archive Warnings Apply,"Senju Hashirama/Uzumaki Mito, One-sided Senju Hashirama/Uchiha Madara, Senju Tobirama/Uchiha Madara, ","Time Travel, but more of a time loop, only not exactly, Pre-Slash, Angst, Humor, Brother Feels, Fix-It, These bbs break my heart, even if they're assholes, Snark, Tobirama Is Not Amused, oops try again, ",<generator object Tag._all_strings at 0x000001EB1C229350>,3,90,"Senju Tobirama, Uchiha Madara, Senju Hashirama, Uchiha Izuna, Rikudou Sennin | Sage of Six Paths, ",0,5943,1325
83,Somewhere Far from Victory,ÂÉï„ÅÆ„Éí„Éº„É≠„Éº„Ç¢„Ç´„Éá„Éü„Ç¢ | Boku no Hero Academia | My Hero Academia,Teen And Up Audiences,No Archive Warnings Apply,,"Child Abuse, Child Neglect, Todoroki Enji | Endeavor's Bad Parenting, Rebirth, Post-Traumatic Stress Disorder - PTSD, Panic Attacks, Homophobia, Scars, Friendship, Canon Autistic Character, Kakashi is horrible at emotional vulnerability, ",<generator object Tag._all_strings at 0x000001EB1C2292E0>,10,269,"Todoroki Shouto, Hatake Kakashi, Kouda Kouji, Satou Rikidou, Shouji Mezou, Tokoyami Fumikage, Yamada Hizashi | Present Mic, ",0,5278,998
84,Breaking in the Senju,Naruto,Explicit,Rape/Non-Con,"Senju Tobirama/Uchiha Madara, Senju Tobirama/Uchiha Izuna/Uchiha Madara, Senju Hashirama/Senju Tobirama, Senju Hashirama/Senju Tobirama/Uchiha Izuna/Uchiha Madara, ","Non-Consensual Bondage, Bondage, Plot What Plot/Porn Without Plot, First Time, Multiple Orgasms, Inappropriate Use of Chakra, coming dry, Aphrodisiacs, First Time Blow Jobs, Inappropriate Use of a Kunai, Orgasm Denial, Orgasm Delay/Denial, Forced Orgasm, Overstimulation, Somnophilia, Non-Consensual Somnophilia, Sex Toys, Dildos, Gags, Inappropriate Use of Common Tools, Suspension Bondage, Inappropriate Outfits, Cock Warming, Corsetry, Anal Beads, Nipple Clamps, Blindfolds, Pecker Gags, Sounding, Collars, Ankle Cuffs, Cuffs, Inappropriate Use of Jutsus, Gangbang, Public Blow Jobs, Dry Orgasm, Threesome - M/M/M, Double Penetration, Spitroasting, Spanking, Dirty Talk, Name-Calling, Extremely Dubious Consent, Illustrations, Prostate Massage, Aftercare, stuck in wall, Cock Cages, Come Inflation, Watersports, Begging, Mind Break, Master/Slave, Sexual Slavery, Sexual Roleplay, Roleplay, Incest, Brother/Brother Incest, Dubious Consent, 69 (Sex Position), Hurt/Comfort, Emotional Hurt/Comfort, Angst, emotional breakdown, Foursome - M/M/M/M, Tentacles, Tentacle Sex, Triple Penetration, Don't copy to another site, –£—Ç–æ—á–Ω—è—Ç—å —É –∞–≤—Ç–æ—Ä–∞, ",<generator object Tag._all_strings at 0x000001EB1C2293C0>,16,2728,"Senju Tobirama, Uchiha Madara, Uchiha Izuna, ",0,943,219
85,Twist in Time,Naruto,Teen And Up Audiences,Choose Not To Use Archive Warnings,"Uchiha Sasuke & Uzumaki Naruto, Nara Shikamaru/Uzumaki Naruto, Haruno Sakura & Uzumaki Naruto, Konoha 12 & Uzumaki Naruto, Nara Shikamaru & Uzumaki Naruto, Haruno Sakura/Uchiha Sasuke, Various Characters/Sudden Character Development, ","BAMF Uzumaki Naruto, Time Travel, Alternate Universe - Canon Divergence, Uchiha Sasuke & Uzumaki Naruto Friendship, Strong Haruno Sakura, Fights, Angst and Humor, Bad Humor, Contains graphic fuck-ups by the author, Read at Your Own Risk, Pre-Slash, Pre-Relationship, ",<generator object Tag._all_strings at 0x000001EB1C229430>,40,872,"Uzumaki Naruto, Uchiha Sasuke, Haruno Sakura, Hatake Kakashi, Sarutobi Hiruzen, Nara Shikamaru, Konoha 12, Yamanaka Inoichi, Uchiha Itachi, ",3,2307,523
86,Dinner with the Special Assassination and Tactical Squad,Naruto,Not Rated,Choose Not To Use Archive Warnings,"Hatake Kakashi/Umino Iruka, ","A lot of ANBU, Iruka used to be a troublemaker, What if Kakashi wasn't famous, ",<generator object Tag._all_strings at 0x000001EB1C2294A0>,1,168,"Umino Iruka, Hatake Kakashi, Shiranui Genma, Yamato | Tenzou, Nohara Rin, Mitarashi Anko, ANBU, Ensemble, ",3,5958,1607
87,To Be Lost on the Road of Life,Naruto,Teen And Up Audiences,"No Archive Warnings Apply, Graphic Depictions Of Violence",,"Time Travel, Alternate Universe - Time Travel, Friendship, Drama, Adventure, Angst with a Happy Ending, Humor, POV Alternating, Suspicion sucks, But it's a necessary evil, Almost Erringly Slow Plot Progression, Obito is stubborn to a fault, ",<generator object Tag._all_strings at 0x000001EB1C229510>,31,285,"Uchiha Obito, Namikaze Minato, Nohara Rin, Hatake Kakashi, Uzumaki Kushina, Kyuubi | Nine-tails | Kurama, Uchiha Itachi, Uchiha Fugaku, Uchiha Shisui, ",0,2694,904
88,Naruto's secret training,Naruto,Explicit,Underage,"Uchiha Sasuke/Uzumaki Bolt/Uzumaki Naruto, Uzumaki Bolt/Uzumaki Naruto, Uchiha Sarada/Uzumaki Bolt, NaruSasu, SasuNaru, Uchiha Sasuke/Uzumaki Naruto, Uchiha Sasuke/Uzumaki Boruto, ","Smut, Father/Son Incest, Semi-Public Sex, Shota, Yaoi, Incest, Teacher-Student Relationship, Daddy Issues, Oral Sex, Anal Sex, Rimming, Foursome - F/M/M/M, Parent/Child Incest, NaruSasu Day, NaruSasu - Freeform, SasuNaru Day, SasuNaru - Freeform, Penis In Vagina Sex, Vaginal Sex, Plot What Plot/Porn Without Plot, One Shot, Daddy Kink, Content approved by S.C.A.R., ",<generator object Tag._all_strings at 0x000001EB1C2295F0>,1,155,"Uzumaki Naruto, Uzumaki Bolt, Uchiha Sarada, Uchiha Sasuke, ",1,549,58
89,Because team-work will get us farther,Naruto,Mature,Graphic Depictions Of Violence,"Hatake Kakashi/Uchiha Obito, Haruno Sakura/Uchiha Sasuke/Uzumaki Naruto, Namikaze Minato/Uzumaki Kushina, Dai-nana-han | Team 7 & Hatake Kakashi, Dai-nana-han | Team 7 & Uchiha Obito, ","Time Travel Fix-It, Team as Family, Team Jinchuuriki, BAMF Dai-nana-han | Team 7 (Naruto), Uzumaki Naruto deserves nice things, BAMF Minato, BAMF Uzumaki Kushina, Politics, Namikaze Minato scares people with a smile, ",<generator object Tag._all_strings at 0x000001EB1C229660>,40,442,"Uzumaki Naruto, Uchiha Sasuke, Haruno Sakura, Bijuu | Tailed Beasts (Naruto), Gaara (Naruto), Killer Bee, Nii Yugito, Karatachi Yagura, Han (Naruto), Roushi (Naruto), Fuu (Naruto), Utakata (Naruto), Hatake Kakashi, Uchiha Obito, Uchiha Itachi, Akatsuki (Naruto), Namikaze Minato, Uzumaki Kushina, Uzumaki Karin, Original Uzumaki Character(s), Nagato | Pain, Konan (Naruto), Yahiko (Naruto), Tsunade (Naruto), Jiraiya (Naruto), Orochimaru (Naruto), ",6,2099,530
90,find your way by moonlight,Naruto,Explicit,Choose Not To Use Archive Warnings,"Hatake Kakashi/Uchiha Obito, Uchiha Madara/Uchiha Obito, Hatake Sakumo/Orochimaru, Maito Gai | Might Guy/Yamashiro Aoba/Hoshigaki Kisame, Uchiha Obito & Hoshigaki Kisame, Namikaze Minato/Shiranui Genma, Uchiha Mikoto/Uzumaki Kushina, Senju Tobirama/Uchiha Kagami, ","Alternate Universe - Vampire, Alternate Universe - Supernatural Elements, Rape/Non-con Elements, relating to the MadaObi, Strong Dub-Con Warning, Unhealthy Relationships, again relating to the MadaObi, Friendship, Humor, Angst, Rescue Missions, kind of, Mistaken Identity, Dogs fix everything, and so do hugs, and sex, Anal Sex, Bloodplay, can't have vampires without at least some bloodplay, what am I doing oh my god, the shitty vampire au no one wanted, Abandoned Work - Unfinished and Discontinued, ",<generator object Tag._all_strings at 0x000001EB1C2296D0>,31,1083,"Uchiha Obito, Hatake Kakashi, Uchiha Madara, Yamashiro Aoba, Namikaze Minato, Hatake Sakumo, Orochimaru (Naruto), Hoshigaki Kisame, Uchiha Naka, Nohara Rin, Hatake Kakashi's Ninken, Shiranui Genma, Uzumaki Kushina, Uchiha Mikoto, Maito Gai | Might Guy, ",0,4408,757
91,Naruto and the Perverted Monster,Naruto,Explicit,"Rape/Non-Con, Underage","Naruto/Tentacle Monster, ","Tentacles, Tentacle Sex, Extremely Underage, Cock & Ball Torture, Nipple Torture, Plot What Plot/Porn Without Plot, Shota, Hurt Naruto, Tentacle Rape, Anal Sex, Tortured boys, Naruto enjoys it a tiny bit but this is very much non-con, Urethral Play, Dry Orgasm, ",<generator object Tag._all_strings at 0x000001EB1C229740>,1,17,"Uzumaki Naruto, Tentacle Monster, ",0,1025,88
92,Anime Imagines,ÂÉï„ÅÆ„Éí„Éº„É≠„Éº„Ç¢„Ç´„Éá„Éü„Ç¢ | Boku no Hero Academia | My Hero Academia,Explicit,Choose Not To Use Archive Warnings,,"Fanon, head canon, head fanon, NSFW, Smut, Fluff and Smut, Fluff, sfw, ",<generator object Tag._all_strings at 0x000001EB1C2297B0>,26,42,,0,821,36
93,Cohabitation,Naruto,General Audiences,Choose Not To Use Archive Warnings,"Uchiha Sasuke/Uzumaki Naruto, ",,<generator object Tag._all_strings at 0x000001EB1C229820>,1,145,"Uchiha Sasuke, ",4,7172,1277
94,Don't Give Up Your Ghost,Naruto,Explicit,Graphic Depictions Of Violence,"Hatake Kakashi/Uzumaki Naruto, Namikaze Minato/Uzumaki Kushina, ","Time Travel, Time Travel Fix-It, Sort Of, Angst, Angst with a Happy Ending, probably, naruto is 21, this isn't super original probably but im trying, Slow Burn, BAMF Uzumaki Naruto, BAMF Hatake Kakashi, Dimension Travel, dimension hopping, Panic Attacks, Post-Traumatic Stress Disorder - PTSD, naruto has seen some shit, and feels a lot of things, rated m for blood and swearing more than anything, it takes 20 chapters for them to kiss type slow burn, the last chapter is smut, just a little extra spice for the ending, Podfic Welcome, ",<generator object Tag._all_strings at 0x000001EB1C229890>,41,508,"Uzumaki Naruto, Hatake Kakashi, Namikaze Minato, Shiranui Genma, Jiraiya (Naruto), Yuuhi Kurenai, Sarutobi Asuma, Tsunade (Naruto), Uchiha Sasuke, Uchiha Itachi, Uchiha Madara, Uchiha Obito, Akatsuki (Naruto), everyone really, Nagato | Pain, Konan (Naruto), ",3,3123,754
95,The Importance of Aiming,Naruto,Teen And Up Audiences,No Archive Warnings Apply,"Haruno Sakura/Uchiha Sasuke/Uzumaki Naruto, Uchiha Sasuke/Uzumaki Naruto, Haruno Sakura/Uchiha Sasuke, Haruno Sakura/Uzumaki Naruto, ","Crack, Time Travel, Fix-It, (kind of), Humor, Drunken Shenanigans, i love that that's a tag, Dai-nana-han | Team 7 (Naruto)-centric, Friendship, OT3, Bodyswap, Faint Traces of Angst, what do you expect, it's Naruto, I'm honestly sort of sorry, Fourth Wall Denting, ",<generator object Tag._all_strings at 0x000001EB1C229900>,1,186,"Haruno Sakura, Uzumaki Naruto, Uchiha Sasuke, Kyuubi | Nine-tails | Kurama, Dai-nana-han | Team 7 (Naruto), ",0,7663,1198
96,Just the Usual Habits,Naruto,General Audiences,No Archive Warnings Apply,,"time-travel, Humour, Kakashi's having fun, Slight hurt/comfort in the end, Kakashi saves his father, Five-year-old Kakashi, ",<generator object Tag._all_strings at 0x000001EB1C2299E0>,1,148,"Hatake Kakashi, Hatake Sakumo, Jiraiya (Naruto), ",0,11043,2365
97,The sweetest of words,Naruto,Teen And Up Audiences,No Archive Warnings Apply,"Jiraiya/Orochimaru (Naruto), Namikaze Minato/Uzumaki Kushina, Hatake Kakashi/Uchiha Obito, ","Time Travel, Grief/Mourning, Angst with a Happy Ending, Fluff, And violence, isn't it lovely how Naruto can have both?, Fix-It, Orochimaru is tricksy, Discussions of Sociopathy, lots of plotting, Mentor & Students, Family Feels, ",<generator object Tag._all_strings at 0x000001EB1C229AC0>,1,79,"Orochimaru (Naruto), Hatake Kakashi, Namikaze Minato, Nohara Rin, Uzumaki Kushina, Sarutobi Hiruzen, Uchiha Obito, ",0,5748,397
98,want to see your animal side,Naruto,Explicit,Choose Not To Use Archive Warnings,"Hatake Kakashi/Momochi Zabuza, Kakuzu/Senju Hashirama/Uzumaki Mito, ","Alternate Universe - Canon Divergence, Porn With Plot, Arranged Marriage, Accidental Marriage, both at once but also neither, Clan Politics, Worldbuilding, worldbuilding to go along with your porn, Animal Traits, as in clans have them, Spirits, Fix-It of Sorts, headcanons, Crack Treated Seriously, Rough Sex, Marking, Abandoned Work - Unfinished and Discontinued, ",<generator object Tag._all_strings at 0x000001EB1C229A50>,23,1040,"Hatake Kakashi, Momochi Zabuza, Haku (Naruto), Uzumaki Naruto, Haruno Sakura, Uchiha Sasuke, Dai-nana-han | Team 7 (Naruto), Shiranui Genma, Terumi Mei, Yamashiro Aoba, Orochimaru (Naruto), Kakuzu (Naruto), Uzumaki Mito, ",0,4353,712
99,The Perks Of Being Hokage,Naruto,Explicit,No Archive Warnings Apply,"Shizune/Uzumaki Naruto, Haruno Sakura/Uzumaki Naruto, Uzumaki Naruto/Yamanaka Ino, Tenten/Uzumaki Naruto, Temari/Uzumaki Naruto, Hyuuga Hinata/Uzumaki Naruto, Tsunade/Uzumaki Naruto, Haruno Sakura/Tsunade, Karui/Uzumaki Naruto, Kurotsuchi/Uzumaki Naruto, ","Cheating, Creampie, Office Sex, Doggy Style, Blow Jobs, Public Blow Jobs, Large Breasts, Deepthroating, Cowgirl Position, Harems, Anal Sex, Spanking, Choking, Missionary Position, Rough Sex, Breast Fucking, Hot Springs & Onsen, Married Couple, Married Sex, Threesome - F/F/M, Smut, Kage Bunshin | Shadow Clones, Gangbang, Bukkake, Under-Desk Blow Jobs, Nurses, Desk Sex, ",<generator object Tag._all_strings at 0x000001EB1C229BA0>,2,13,"Uzumaki Naruto, Shizune (Naruto), Haruno Sakura, Yamanaka Ino, Tenten (Naruto), Temari (Naruto), Hyuuga Hinata, Tsunade (Naruto), Kurotsuchi (Naruto), Karui (Naruto), ",0,452,166
